# Host: 47.103.1.210  (Version 5.6.43)
# Date: 2019-03-29 20:25:13
# Generator: MySQL-Front 6.1  (Build 1.26)


#
# Structure for table "env_data"
#

CREATE TABLE `env_data` (
  `id` int(11) NOT NULL AUTO_INCREMENT,
  `time` timestamp NULL DEFAULT CURRENT_TIMESTAMP,
  `datas` varchar(255) DEFAULT NULL,
  PRIMARY KEY (`id`)
) ENGINE=InnoDB AUTO_INCREMENT=6 DEFAULT CHARSET=utf8;

#
# Data for table "env_data"
#


#
# Structure for table "sys_dept"
#

CREATE TABLE `sys_dept` (
  `DEPT_ID` bigint(20) NOT NULL AUTO_INCREMENT COMMENT '主键id',
  `PID` bigint(20) DEFAULT NULL COMMENT '父部门id',
  `PIDS` varchar(512) DEFAULT NULL COMMENT '父级ids',
  `SIMPLE_NAME` varchar(45) DEFAULT NULL COMMENT '简称',
  `FULL_NAME` varchar(255) DEFAULT NULL COMMENT '全称',
  `DESCRIPTION` varchar(255) DEFAULT NULL COMMENT '描述',
  `VERSION` int(11) DEFAULT NULL COMMENT '版本（乐观锁保留字段）',
  `SORT` int(11) DEFAULT NULL COMMENT '排序',
  `CREATE_TIME` datetime DEFAULT NULL COMMENT '创建时间',
  `UPDATE_TIME` datetime DEFAULT NULL COMMENT '修改时间',
  `CREATE_USER` bigint(20) DEFAULT NULL COMMENT '创建人',
  `UPDATE_USER` bigint(20) DEFAULT NULL COMMENT '修改人',
  PRIMARY KEY (`DEPT_ID`) USING BTREE
) ENGINE=InnoDB AUTO_INCREMENT=28 DEFAULT CHARSET=utf8 ROW_FORMAT=DYNAMIC COMMENT='部门表';

#
# Data for table "sys_dept"
#

INSERT INTO `sys_dept` VALUES (25,24,'[0],[24],','开发部','开发部','',NULL,2,NULL,NULL,NULL,NULL),(26,24,'[0],[24],','运营部','运营部','',NULL,3,NULL,NULL,NULL,NULL),(27,24,'[0],[24],','战略部','战略部','',NULL,4,NULL,NULL,NULL,NULL);

#
# Structure for table "sys_dict"
#

CREATE TABLE `sys_dict` (
  `DICT_ID` bigint(20) unsigned NOT NULL AUTO_INCREMENT COMMENT '主键id',
  `PID` bigint(20) DEFAULT NULL COMMENT '父级字典id',
  `NAME` varchar(255) DEFAULT NULL COMMENT '字典名称',
  `CODE` varchar(255) DEFAULT NULL COMMENT '字典的编码',
  `DESCRIPTION` varchar(255) DEFAULT NULL COMMENT '字典描述',
  `SORT` int(11) DEFAULT NULL COMMENT '排序',
  `CREATE_TIME` datetime DEFAULT NULL COMMENT '创建时间',
  `UPDATE_TIME` datetime DEFAULT NULL COMMENT '修改时间',
  `CREATE_USER` bigint(20) DEFAULT NULL COMMENT '创建人',
  `UPDATE_USER` bigint(20) DEFAULT NULL COMMENT '修改人',
  PRIMARY KEY (`DICT_ID`) USING BTREE
) ENGINE=InnoDB AUTO_INCREMENT=1071611458312462338 DEFAULT CHARSET=utf8 ROW_FORMAT=DYNAMIC COMMENT='字典表';

#
# Data for table "sys_dict"
#

INSERT INTO `sys_dict` VALUES (50,0,'性别','SEX','',0,NULL,NULL,NULL,NULL),(51,50,'男','M',NULL,1,NULL,NULL,NULL,NULL),(52,50,'女','F',NULL,2,NULL,NULL,NULL,NULL),(53,0,'状态','STATUS','',0,NULL,NULL,NULL,NULL),(54,53,'启用','ENABLE',NULL,1,NULL,NULL,NULL,NULL),(55,53,'禁用','DISABLE',NULL,2,NULL,NULL,NULL,NULL),(56,0,'账号状态','ACCOUNT_STATUS','',0,NULL,NULL,NULL,NULL),(57,56,'启用','ENABLE',NULL,1,NULL,NULL,NULL,NULL),(58,56,'冻结','FREEZE',NULL,2,NULL,NULL,NULL,NULL),(59,56,'已删除','DELETED',NULL,3,NULL,NULL,NULL,NULL),(1071611355157749761,0,'是否删除','DEL_FLAG','用于数据库中是否删除的标记',NULL,'2018-12-09 11:43:51',NULL,1,NULL),(1071611420735692802,1071611355157749761,'已经删除','Y','',NULL,'2018-12-09 11:44:07',NULL,1,NULL),(1071611458312462337,1071611355157749761,'未删除','N','',NULL,'2018-12-09 11:44:16',NULL,1,NULL);

#
# Structure for table "sys_file_info"
#

CREATE TABLE `sys_file_info` (
  `FILE_ID` varchar(50) NOT NULL COMMENT '主键id',
  `FILE_DATA` text COMMENT 'base64编码的文件',
  `CREATE_TIME` datetime DEFAULT NULL COMMENT '创建时间',
  `UPDATE_TIME` datetime DEFAULT NULL COMMENT '修改时间',
  `CREATE_USER` bigint(20) DEFAULT NULL COMMENT '创建用户',
  `UPDATE_USER` bigint(20) DEFAULT NULL COMMENT '修改用户',
  PRIMARY KEY (`FILE_ID`) USING BTREE
) ENGINE=InnoDB DEFAULT CHARSET=utf8 ROW_FORMAT=DYNAMIC COMMENT='文件信息表\r\n';

#
# Data for table "sys_file_info"
#

INSERT INTO `sys_file_info` VALUES ('1','/9j/4AAQSkZJRgABAQAAAQABAAD/2wBDAAMCAgICAgMCAgIDAwMDBAYEBAQEBAgGBgUGCQgKCgkICQkKDA8MCgsOCwkJDRENDg8QEBEQCgwSExIQEw8QEBD/2wBDAQMDAwQDBAgEBAgQCwkLEBAQEBAQEBAQEBAQEBAQEBAQEBAQEBAQEBAQEBAQEBAQEBAQEBAQEBAQEBAQEBAQEBD/wAARCABjAGQDASIAAhEBAxEB/8QAHAAAAgIDAQEAAAAAAAAAAAAAAAkHCAUGCgQD/8QAPBAAAQMDAgMGBAQEBAcAAAAAAQIDBAUGEQAHCBIhCRMUMUFhIjJRcSNygZEVFiRCF0OCoRhSYnODosH/xAAXAQEBAQEAAAAAAAAAAAAAAAAAAQID/8QAGhEBAQEBAQEBAAAAAAAAAAAAAAECEQMxIf/aAAwDAQACEQMRAD8Aahozo0aA0Z0aXp2jXaFyNmi/sxs1UWzd77eKnU0YUKYhQ+RHp3pHr6aCynETxqbC8NENxF9XQmXW+TmaodN5X5q/pzJyA2PdZHtnS79yu2m3cq0txna3bi37fg5IQ7UlOTpJHocgobH25T99LwrNaq1xVORWq7UpE+fLcLr8iQ4VuOLJySSepOdeLQWorfad8a1alKkDeBUBBJKWYdIhNoT7D8HJ/UnWWsrtVeMi05okVO+4FzR/WLVqTHKD/rZQhz/21Vm0rTrl73JS7Ut2EuTUKxOYp0ZABwXnlhCAT6ZJ/YH6ax9QgyaZOkU6Y2W34rqmXUn+1STgj9xoG88PnbH2Td0+Lbm/FoC1ZUhSWxWKatT0EKPq42rLjY9wV/ppiVAuCh3TR4twW3VotSps5oPRpUV0ONOoPkUqHQ65bghRSVhJKU+Zx0Grb8CfHXd3DPd0W2bknyalt/UnktzILiirwRUcd+zn5SPUeRGgfVo14aHW6XclGhXBRJjcuBUWESYz7ZylxtYykj9Dr3aA0aNGgNGjRoIY4vN94XDtsRcW4TjyE1BLBiUpsnq5LcBCAPt5/prnWr1drV316fcVdmuzajUX1yZL7qsqWtRySTpkfbJbk1m59xrR2OoKHnm6ZEVVZTDYzzvODKTj1AbGdLcpUXvIlRl5GI7KUn/WoJ/+6DKV2iQaZb1ux47KnatVkOTninr+EpXIygD65Q4T906sTuNwiVjafZzbmiVCiO1Ddfd+qpVApyUkqgU9tKcNY9HFuOslR/tSCPrqNrbtG8axvXT27M29n3q5ShBcbp0ZtZQ7iO2oJKkj4RzEn99NR4TNnOIq6t2Le3S4l7DplCh2LRZsa1ozK8uNPy3G+bnSpSlZShLnxE+a/YaDG8PHBLb2y+7G19nOMMzZ1pUGXeFyzwjIl1eQoRoqAT5NtJRL5B9cnzOl+do1sRK2Q4mLiEaGpqhXS8qt0tYThHK8eZxsfkWVJx9ANPmj2vCj3hPvJLqzLqFNiUxaD8qW47shxJHuTKXn7DUGcc/DRZHEZs3Oj3FITTarbrTs+l1QNlSmFhPxIUAMqQrABA9cY0CkNh9gf564O97N0DE7yRQn4HhFFPUBklbnKfcOgH7aqxpunCHUNrLJ4Ern2/uCtIfn1Ryqxqz3DSleBdWFCOZCcZbScIwojGlNv0sNfxEB4K8A73fTqFjnKcg6B3HZL7wPbj8NX8o1OWp6oWROVT/iVlXhnMra/wB+cfoNXb0oLsTrnksbpX9Z/OfDy6E3UOX0Ljb7aAf2cVpvvvoDRo0aA0aNGgpPxe8N1v09zdTidqUtM64pFuJpVvw8ZLSiyhohII6uFWSnl69dLr4LuFJO6+8dT2U3npdwWt46kCoJSuMWJJDSwsYDg8lAEZxpxXEFGqMabZ12Kos2rUW36i7JqDEOC5NcZcU3ysSfDt5W6ltWSQgFWD0+usNtDW27tuKZdFz1WDXajBQI8CqubfzaAthLhwWG5Etai9n1SjHvrOtcS1ru6tY254A+GStXTt3ZjClUeOxGjhQy9MlLUllpch3HMoBRST9ADgDVR+AHtCOIbeXiEgbUX8mn1umXNImTXJCGC0umttRXHAhvBx3fM2gYVk/EepyNMM3R27sveazKttjftNVOo1Ya7qQ2lRSpJB5krSofKpKgFA/UDUacL/A5slwsVipXHYLNWqFaqTJjKqFWkIedZjlQUWm+RCEpBKU5OCTgdcdNYz6S/Vubifqyml58fnaN35w27ntbT7b2zR5MpiLGnTZ89S18vP8AF3QbTjzQU/FzevlphQVkfTVE+O3s55PFFfcLcyyL2gUGt+FRCqDNRZcUxIQjohxKkAqSoJwnHLg4HUa6WyHWHodatLii2pjcXOz1sMUi96GlcW76I2gdzWIoH9VGeSBh08hUtCiM6VrfduRKLbFcuVmGqI3X7lej0+OtHKURGypw4HpyqKUHTxuDrhnp/CltaNvWbiFbqEuUqdUZga7pDjyhjCEEkhIAwCTk+2qubx9mvee/9yKDN6U60qNQnpqmFuw1yV1CZJe7x50JBRyN/KAokk9emszcqXsvKjbsTbOlv7i3/fpbV4SJR2qXzY6d668hwDP5WlabtqpHARswnhZodZ2EuhTLt1yH117+IxwTGqcLKW0qaJwrLZICkqAILgxkddW31tRo0dfro0Bo0ax1w3BSLVoVQuSvTW4dOpkdyVKfcOEttISVKJ/QaDR9/t/tveHLb+ZuDuFUwzHaBRFioIL81/GUtNp9SfU+QHU6Wzsnxkb68anE1JsRNbatm3KhSpjlLpTCOduM8wnvWXVL6KU5zJGVeWCQBjVVONvisuDii3Zm1gynmrWpLq4tCg83wIZBx3pHqteMk++rHdjBt09V94Lo3IeZ/pqBSvBsuY/z3iARn8mdDnTT7KueZWabCjXdTWaDcy0KEmluSW1rKkdFONcqiVtE9UnAOD1AOtxEVLjLjK88riShWFFJwfoR1Go+39f2updiSq3udbbFZiRFIEWL3IckPSVqCGm2PUOKWoJTgjqdR3QrCvanWiu4KZd192TKaZXINDZrCK7yJCeZLaPGoUkKIwOQAAHoDjrrnMSXqXt+tfq/CFdFzzFWjc1Yp0+2WHx4e4pkqVJryoOQUxcKUGkOpGUeKypak4PKF/HqzqYLcCGxCY5i3HbS0jmUVHlAwMk9SdRptVd12Jtar1u8LplV2LGfcciTX4LDCnYiEBQcSGEpSsKByCB19Omomj7k8Q+9VXm2pbF4WrZKnabFrrCI8BybJECSpYaZdf70JadIQSeVGRzApONXWewqeKjd1Dp12wLPiFU2uzh3yorPxGMwPN54/wCWj0Geqj5ZwdYS/wCl7J2RcMHcC6bHDlwLc5o1SptsyJ00rA8lORmVqA/OQNePYw2/bVQnWHVLRXb94JT4ua4/JVLVVk+XiUSl/G8M+YV8Sft114eOPu2uEzc6SVrbcj0CQ60tCyhSVpGUkEEHz1M+ci6t1e1mLJj3Df8AuendKp25PoNEpNKdpdHjVFAbly1vOIW5IW2CS0kBsJSlXxHmJIGBmXdUF7KPiur281jVPai/6y7UbitJtL0SVIXzOyIBIThRPVRQopGT1wofTV+tdCTg0aNGgNLn7YHiOesywKZsPbk4tVG6x4yqltWFJgoVhKD+daTn2SPrpjGueXj/AN0Ht1uKy+ayJPfQqbONIg4OU9xH/DBH35SfudBXbT1ezR2tZ2L4TWrvuNoQ5lx97XpqnBgoYSk90FfZIJ/XSiuE3ZSdv7vza+3kdlSoj8tMmorAyG4jZCnCfbGB+unj8QZbdoNrcPFpLMV27HG4TwZ6GLSGEgvr6eXwp5B7nQaq5eat9dwdk3n6c5Dpk5VRu4xXevOiKhSIqiPoVuMugfbUpbi7rWZtcIzN0TnVT5xIh02EwqRMk48yhpHXA+pwPfWm3HSptp757eVqiUB56lx7fq1Bjojt5Qw8W2nWUqx8qSI5SCfUgay+3Vnt7X2fXd9N2VJmXlNgPVitS1jm/h8ZCC4IbGfkbbQMHHzKCifPQaRS9sw2yKFb+/sy27PqIblxKA0qPHmRWnWkEMB1f4rafXl8xzEamPaTZCwNnaMKTZNIRFbXyqeeUsuvPqAwFOOK6qONQVYZi7v3nAt7f7ZO3o9Svi2l3NSahDe53BExH52HeoUh1sym083qUnHQDUn8OdyVCn0m4dqboqTsur7fVV2lB59WXpEA/iQ3lE+ZLC28q9SDoNqr1q1mp7xWzdSGWm6ZQaZNbLvP8br0gpTyY+iQgHP/AFajTtCHnGuD3cotkjno7iT9j56+m424FT3MviJtptvUH/A0SS3PumrwjzCO22eZMNtQ6KdWR1A8h99eHiwrNH3X4LNyqja8sTGV0KWlOEkKS610UhST1CgQcg6BOvAbvYNieJe1LpmyizSJz/8ACqoc/D4Z/wCAqP15SQr7jXQ6lSVpC0KBSoZBHkRrlfbcW04l1tRSpBCkkehGuibgX3dO9XC/ZN2ypPfVGLCFJqJKsq8RG/DJV7qQELP5tBPejRo0GubkVefQNu7or1KQVzabRZsuMkDJLrbC1IAH3A1zF1eZKqNVmT5ri3JEh9xx1SzlRUVEnOupV1tt5tTLyErQtJSpKhkKB8wRqnlydlJwk3HeRvBVEr0BLjyn3qXDqIRCcUTk5SpBWB18krGgiPsgeHRyy7Dqu/10wgxMuVHh6UXRgtwUE8znXy5j6+oA1ZnaN3/EzcG6t85SVLhuuKt+3Ob+2Cwr8V1I9O8dB6/ROsxv5U2tvtraVtTt3EbhVG53GrZoseOOUR2lJw44APIIbBOfqRrdLPtanWbbNKtKjNhEOlxm4rQAxnlHVR9yck+5Og2alxudRfUCAn5dRvxeyHovC1uu9HJCxZ9VSCPQGMsE/sTqWmGw00lCfQY1q27Vj/4l7XXbt4ZCWf5lok2lB1Q6Nl9lTYUfsVZ/TQRhY7LFb4oqs7FSDEsawaTR2voh6Y++64kf+OPGJ9iNbluDsBYO4lc/mipKq9Mqyo4ivy6RUXIbkpkZ5W3Sg/GBk4PmM9DrXOGPb/ca14NzXduzTodPue6p0Vx6HFlJkIYYiwmIrY7xPQ85ZcdwPLvQPMHU2kZ6aCP7Qsq2Nv6Oi3LSorFNgtEnu2h1Wo+a1qPxLUfVSiSdRNaNCjyqnv5tI+j+imITVI7H9oEyMsr5R+dI1PlQb7uUvHkeuogfUm1eKCizHE4h31b0ilOk9EmTGIdR+pb5hoOeOr052j1abSXx+JCkOR1/mQopP+400zsT90pDzN+7NzJHM2wlm4ILZPy9e5fOPcqY/bVAeK+xpO3HEduDaclotmPXJD6ARgcjyu9Tj2w4NWR7HVNW/wCKyS5AZdVEFtzUzlpB5UNlTfLzH/uBGgdzo0aNAaNGjQV9uUmp8XlKiT/x2aRZzkuC2r5WHnZBQ4tI/wCYpSBk+g1MkQAyG8j10aNBntGjRoDRo0aDEVjo+j3TqEOIImNV9rqmweSUxfNNabdHmlDiilwfZSeh0aNAsXtb6RTYvGAhUaIhsz6DAdklOR3iytxJUffAA/TTK+ArZnbDbHYyjV2xrPh0upXJFbkVWYlS3X5SwTjmW4pSgkdcJBCRkkDro0aCyujRo0H/2Q==',NULL,NULL,NULL,NULL);

#
# Structure for table "sys_login_log"
#

CREATE TABLE `sys_login_log` (
  `LOGIN_LOG_ID` bigint(20) NOT NULL AUTO_INCREMENT COMMENT '主键',
  `LOG_NAME` varchar(255) DEFAULT NULL COMMENT '日志名称',
  `USER_ID` bigint(20) DEFAULT NULL COMMENT '管理员id',
  `CREATE_TIME` datetime DEFAULT NULL COMMENT '创建时间',
  `SUCCEED` varchar(255) DEFAULT NULL COMMENT '是否执行成功',
  `MESSAGE` text COMMENT '具体消息',
  `IP_ADDRESS` varchar(255) DEFAULT NULL COMMENT '登录ip',
  PRIMARY KEY (`LOGIN_LOG_ID`) USING BTREE
) ENGINE=InnoDB AUTO_INCREMENT=1111535053253689346 DEFAULT CHARSET=utf8 ROW_FORMAT=DYNAMIC COMMENT='登录记录';

#
# Data for table "sys_login_log"
#

INSERT INTO `sys_login_log` VALUES (1101827124093886465,'登录日志',1,'2019-03-02 20:50:31','成功',NULL,'127.0.0.1'),(1101827671656079361,'退出日志',1,'2019-03-02 20:52:43','成功',NULL,'127.0.0.1'),(1101829419321884674,'登录日志',1,'2019-03-02 20:59:38','成功',NULL,'127.0.0.1'),(1102085205012852738,'退出日志',1,'2019-03-03 13:56:03','成功',NULL,'127.0.0.1'),(1102085236122005506,'登录日志',1102084980902801410,'2019-03-03 13:56:11','成功',NULL,'127.0.0.1'),(1102102457774772225,'退出日志',1102084980902801410,'2019-03-03 15:04:36','成功',NULL,'127.0.0.1'),(1102497880360398849,'登录失败日志',NULL,'2019-03-04 17:15:52','成功','账号:Ljolan,账号被冻结','127.0.0.1'),(1102497911163367426,'登录失败日志',NULL,'2019-03-04 17:16:00','成功','账号:admin,账号密码错误','127.0.0.1'),(1102497933674196993,'登录日志',1,'2019-03-04 17:16:05','成功',NULL,'127.0.0.1'),(1102522320892764161,'登录日志',1102084980902801410,'2019-03-04 18:52:59','成功',NULL,'127.0.0.1'),(1103636257369612289,'登录日志',1102084980902801410,'2019-03-07 20:39:22','成功',NULL,'127.0.0.1'),(1103945616122560514,'登录日志',1102084980902801410,'2019-03-08 17:08:40','成功',NULL,'119.39.127.108'),(1103947054210990082,'登录日志',1,'2019-03-08 17:14:23','成功',NULL,'183.214.207.182'),(1103947218539626498,'退出日志',1,'2019-03-08 17:15:02','成功',NULL,'183.214.207.182'),(1103953265593417730,'登录日志',1,'2019-03-08 17:39:04','成功',NULL,'220.202.152.112'),(1104010872861499393,'登录日志',1,'2019-03-08 21:27:58','成功',NULL,'117.136.89.88'),(1104014718874689537,'登录日志',1,'2019-03-08 21:43:15','成功',NULL,'119.39.127.108'),(1104016455828250626,'退出日志',1,'2019-03-08 21:50:09','成功',NULL,'119.39.127.108'),(1104031925696471042,'登录失败日志',NULL,'2019-03-08 22:51:38','成功','账号:admin,账号密码错误','120.227.56.41'),(1104031978813136898,'登录日志',1,'2019-03-08 22:51:50','成功',NULL,'120.227.56.41'),(1104034309558509569,'登录日志',1,'2019-03-08 23:01:06','成功',NULL,'119.39.127.107'),(1104034396128944129,'退出日志',1,'2019-03-08 23:01:27','成功',NULL,'119.39.127.107'),(1104045413634416641,'登录日志',1,'2019-03-08 23:45:13','成功',NULL,'43.250.201.122'),(1104555848276189185,'退出日志',1102084980902801410,'2019-03-10 09:33:30','成功',NULL,'119.39.127.107'),(1104555896368078849,'登录日志',1102084980902801410,'2019-03-10 09:33:42','成功',NULL,'119.39.127.107'),(1104556231367139330,'登录日志',1102084980902801410,'2019-03-10 09:35:02','成功',NULL,'119.39.127.107'),(1104563164081889281,'登录日志',1102084980902801410,'2019-03-10 10:02:35','成功',NULL,'119.39.127.107'),(1104564637271134209,'登录日志',1102084980902801410,'2019-03-10 10:08:25','成功',NULL,'127.0.0.1'),(1105041892158017537,'登录日志',1102084980902801410,'2019-03-11 17:44:52','成功',NULL,'127.0.0.1'),(1106550665993334786,'登录日志',1102084980902801410,'2019-03-15 21:40:11','成功',NULL,'127.0.0.1'),(1107181727670177794,'登录日志',1102084980902801410,'2019-03-17 15:27:49','成功',NULL,'119.39.127.108'),(1107982441744957442,'登录日志',1102084980902801410,'2019-03-19 20:29:34','成功',NULL,'223.104.21.47'),(1109816944783044610,'登录日志',1102084980902801410,'2019-03-24 21:59:12','成功',NULL,'127.0.0.1'),(1111175125502619650,'登录日志',1102084980902801410,'2019-03-28 15:56:09','成功',NULL,'119.39.127.109'),(1111211750232256514,'登录日志',1102084980902801410,'2019-03-28 18:21:41','成功',NULL,'117.136.88.21'),(1111217384020090882,'登录日志',1102084980902801410,'2019-03-28 18:44:04','成功',NULL,'127.0.0.1'),(1111220180681277441,'登录日志',1102084980902801410,'2019-03-28 18:55:10','成功',NULL,'127.0.0.1'),(1111221940212756482,'登录日志',1102084980902801410,'2019-03-28 19:02:09','成功',NULL,'127.0.0.1'),(1111225049416843266,'登录日志',1102084980902801410,'2019-03-28 19:14:31','成功',NULL,'127.0.0.1'),(1111225913816678401,'登录日志',1102084980902801410,'2019-03-28 19:17:57','成功',NULL,'127.0.0.1'),(1111226152086671362,'登录日志',1102084980902801410,'2019-03-28 19:18:54','成功',NULL,'127.0.0.1'),(1111231462760615937,'登录日志',1102084980902801410,'2019-03-28 19:40:01','成功',NULL,'119.39.127.109'),(1111233023603687425,'登录日志',1102084980902801410,'2019-03-28 19:46:13','成功',NULL,'117.136.88.21'),(1111535053253689345,'登录日志',1102084980902801410,'2019-03-29 15:46:23','成功',NULL,'223.104.131.201');

#
# Structure for table "sys_menu"
#

CREATE TABLE `sys_menu` (
  `MENU_ID` bigint(20) NOT NULL AUTO_INCREMENT COMMENT '主键id',
  `CODE` varchar(255) DEFAULT NULL COMMENT '菜单编号',
  `PCODE` varchar(255) DEFAULT NULL COMMENT '菜单父编号',
  `PCODES` varchar(255) DEFAULT NULL COMMENT '当前菜单的所有父菜单编号',
  `NAME` varchar(255) DEFAULT NULL COMMENT '菜单名称',
  `ICON` varchar(255) DEFAULT NULL COMMENT '菜单图标',
  `URL` varchar(255) DEFAULT NULL COMMENT 'url地址',
  `SORT` int(65) DEFAULT NULL COMMENT '菜单排序号',
  `LEVELS` int(65) DEFAULT NULL COMMENT '菜单层级',
  `MENU_FLAG` varchar(32) DEFAULT NULL COMMENT '是否是菜单(字典)',
  `DESCRIPTION` varchar(255) DEFAULT NULL COMMENT '备注',
  `STATUS` varchar(32) DEFAULT 'ENABLE' COMMENT '菜单状态(字典)',
  `NEW_PAGE_FLAG` varchar(32) DEFAULT NULL COMMENT '是否打开新页面的标识(字典)',
  `OPEN_FLAG` varchar(32) DEFAULT NULL COMMENT '是否打开(字典)',
  `CREATE_TIME` datetime DEFAULT NULL COMMENT '创建时间',
  `UPDATE_TIME` datetime DEFAULT NULL COMMENT '修改时间',
  `CREATE_USER` bigint(20) DEFAULT NULL COMMENT '创建人',
  `UPDATE_USER` bigint(20) DEFAULT NULL COMMENT '修改人',
  PRIMARY KEY (`MENU_ID`) USING BTREE
) ENGINE=InnoDB AUTO_INCREMENT=1111219471575523330 DEFAULT CHARSET=utf8 ROW_FORMAT=DYNAMIC COMMENT='菜单表';

#
# Data for table "sys_menu"
#

INSERT INTO `sys_menu` VALUES (105,'system','0','[0],','系统管理','layui-icon layui-icon-username','#',30,1,'Y',NULL,'ENABLE',NULL,'1',NULL,'2019-03-28 19:41:13',NULL,1),(106,'mgr','system','[0],[system],','用户管理','','/mgr',1,2,'Y',NULL,'ENABLE',NULL,'0',NULL,NULL,NULL,NULL),(107,'mgr_add','mgr','[0],[system],[mgr],','添加用户',NULL,'/mgr/add',1,3,'N',NULL,'ENABLE',NULL,'0',NULL,NULL,NULL,NULL),(108,'mgr_edit','mgr','[0],[system],[mgr],','修改用户',NULL,'/mgr/edit',2,3,'N',NULL,'ENABLE',NULL,'0',NULL,NULL,NULL,NULL),(109,'mgr_delete','mgr','[0],[system],[mgr],','删除用户',NULL,'/mgr/delete',3,3,'N',NULL,'ENABLE',NULL,'0',NULL,NULL,NULL,NULL),(110,'mgr_reset','mgr','[0],[system],[mgr],','重置密码',NULL,'/mgr/reset',4,3,'N',NULL,'ENABLE',NULL,'0',NULL,NULL,NULL,NULL),(111,'mgr_freeze','mgr','[0],[system],[mgr],','冻结用户',NULL,'/mgr/freeze',5,3,'N',NULL,'ENABLE',NULL,'0',NULL,NULL,NULL,NULL),(112,'mgr_unfreeze','mgr','[0],[system],[mgr],','解除冻结用户',NULL,'/mgr/unfreeze',6,3,'N',NULL,'ENABLE',NULL,'0',NULL,NULL,NULL,NULL),(113,'mgr_setRole','mgr','[0],[system],[mgr],','分配角色',NULL,'/mgr/setRole',7,3,'N',NULL,'ENABLE',NULL,'0',NULL,NULL,NULL,NULL),(114,'role','system','[0],[system],','角色管理',NULL,'/role',2,2,'Y',NULL,'ENABLE',NULL,'0',NULL,NULL,NULL,NULL),(115,'role_add','role','[0],[system],[role],','添加角色',NULL,'/role/add',1,3,'N',NULL,'ENABLE',NULL,'0',NULL,NULL,NULL,NULL),(116,'role_edit','role','[0],[system],[role],','修改角色',NULL,'/role/edit',2,3,'N',NULL,'ENABLE',NULL,'0',NULL,NULL,NULL,NULL),(117,'role_remove','role','[0],[system],[role],','删除角色',NULL,'/role/remove',3,3,'N',NULL,'ENABLE',NULL,'0',NULL,NULL,NULL,NULL),(118,'role_setAuthority','role','[0],[system],[role],','配置权限',NULL,'/role/setAuthority',4,3,'N',NULL,'ENABLE',NULL,'0',NULL,NULL,NULL,NULL),(119,'menu','system','[0],[system],','菜单管理',NULL,'/menu',4,2,'Y',NULL,'ENABLE',NULL,'0',NULL,NULL,NULL,NULL),(120,'menu_add','menu','[0],[system],[menu],','添加菜单',NULL,'/menu/add',1,3,'N',NULL,'ENABLE',NULL,'0',NULL,NULL,NULL,NULL),(121,'menu_edit','menu','[0],[system],[menu],','修改菜单',NULL,'/menu/edit',2,3,'N',NULL,'ENABLE',NULL,'0',NULL,NULL,NULL,NULL),(122,'menu_remove','menu','[0],[system],[menu],','删除菜单',NULL,'/menu/remove',3,3,'N',NULL,'ENABLE',NULL,'0',NULL,NULL,NULL,NULL),(128,'log','system','[0],[system],','业务日志',NULL,'/log',6,2,'Y',NULL,'ENABLE',NULL,'0',NULL,NULL,NULL,NULL),(130,'druid','system','[0],[system],','监控管理',NULL,'/druid',7,2,'Y',NULL,'ENABLE',NULL,NULL,NULL,NULL,NULL,NULL),(131,'dept','system','[0],[system],','部门管理',NULL,'/dept',3,2,'Y',NULL,'ENABLE',NULL,NULL,NULL,NULL,NULL,NULL),(132,'dict','system','[0],[system],','字典管理',NULL,'/dict',4,2,'Y',NULL,'ENABLE',NULL,NULL,NULL,NULL,NULL,NULL),(133,'loginLog','system','[0],[system],','登录日志',NULL,'/loginLog',6,2,'Y',NULL,'ENABLE',NULL,NULL,NULL,NULL,NULL,NULL),(134,'log_clean','log','[0],[system],[log],','清空日志',NULL,'/log/delLog',3,3,'N',NULL,'ENABLE',NULL,NULL,NULL,NULL,NULL,NULL),(135,'dept_add','dept','[0],[system],[dept],','添加部门',NULL,'/dept/add',1,3,'N',NULL,'ENABLE',NULL,NULL,NULL,NULL,NULL,NULL),(136,'dept_update','dept','[0],[system],[dept],','修改部门',NULL,'/dept/update',1,3,'N',NULL,'ENABLE',NULL,NULL,NULL,NULL,NULL,NULL),(137,'dept_delete','dept','[0],[system],[dept],','删除部门',NULL,'/dept/delete',1,3,'N',NULL,'ENABLE',NULL,NULL,NULL,NULL,NULL,NULL),(138,'dict_add','dict','[0],[system],[dict],','添加字典',NULL,'/dict/add',1,3,'N',NULL,'ENABLE',NULL,NULL,NULL,NULL,NULL,NULL),(139,'dict_update','dict','[0],[system],[dict],','修改字典',NULL,'/dict/update',1,3,'N',NULL,'ENABLE',NULL,NULL,NULL,NULL,NULL,NULL),(140,'dict_delete','dict','[0],[system],[dict],','删除字典',NULL,'/dict/delete',1,3,'N',NULL,'ENABLE',NULL,NULL,NULL,NULL,NULL,NULL),(141,'notice','system','[0],[system],','通知管理',NULL,'/notice',9,2,'Y',NULL,'ENABLE',NULL,NULL,NULL,NULL,NULL,NULL),(142,'notice_add','notice','[0],[system],[notice],','添加通知',NULL,'/notice/add',1,3,'N',NULL,'ENABLE',NULL,NULL,NULL,NULL,NULL,NULL),(143,'notice_update','notice','[0],[system],[notice],','修改通知',NULL,'/notice/update',2,3,'N',NULL,'ENABLE',NULL,NULL,NULL,NULL,NULL,NULL),(144,'notice_delete','notice','[0],[system],[notice],','删除通知',NULL,'/notice/delete',3,3,'N',NULL,'ENABLE',NULL,NULL,NULL,NULL,NULL,NULL),(145,'hello','system_message','[0],[system_message],','系统消息','layui-icon layui-icon-tips','/notice/hello',1,2,'Y',NULL,'ENABLE',NULL,NULL,NULL,'2019-02-11 15:47:19',NULL,1),(149,'api_mgr','dev_tools','[0],[dev_tools],','接口文档','fa-leaf','/swagger-ui.html',2,2,'Y',NULL,'ENABLE',NULL,NULL,NULL,NULL,NULL,NULL),(150,'to_menu_edit','menu','[0],[system],[menu],','菜单编辑跳转','','/menu/menu_edit',4,3,'N',NULL,'ENABLE',NULL,NULL,NULL,NULL,NULL,NULL),(151,'menu_list','menu','[0],[system],[menu],','菜单列表','','/menu/list',5,3,'N',NULL,'ENABLE',NULL,NULL,NULL,NULL,NULL,NULL),(152,'to_dept_update','dept','[0],[system],[dept],','修改部门跳转','','/dept/dept_update',4,3,'N',NULL,'ENABLE',NULL,NULL,NULL,NULL,NULL,NULL),(153,'dept_list','dept','[0],[system],[dept],','部门列表','','/dept/list',5,3,'N',NULL,'ENABLE',NULL,NULL,NULL,NULL,NULL,NULL),(154,'dept_detail','dept','[0],[system],[dept],','部门详情','','/dept/detail',6,3,'N',NULL,'ENABLE',NULL,NULL,NULL,NULL,NULL,NULL),(155,'to_dict_edit','dict','[0],[system],[dict],','修改菜单跳转','','/dict/dict_edit',4,3,'N',NULL,'ENABLE',NULL,NULL,NULL,NULL,NULL,NULL),(156,'dict_list','dict','[0],[system],[dict],','字典列表','','/dict/list',5,3,'N',NULL,'ENABLE',NULL,NULL,NULL,NULL,NULL,NULL),(157,'dict_detail','dict','[0],[system],[dict],','字典详情','','/dict/detail',6,3,'N',NULL,'ENABLE',NULL,NULL,NULL,NULL,NULL,NULL),(158,'log_list','log','[0],[system],[log],','日志列表','','/log/list',2,3,'N',NULL,'ENABLE',NULL,NULL,NULL,NULL,NULL,NULL),(159,'log_detail','log','[0],[system],[log],','日志详情','','/log/detail',3,3,'N',NULL,'ENABLE',NULL,NULL,NULL,NULL,NULL,NULL),(160,'del_login_log','loginLog','[0],[system],[loginLog],','清空登录日志','','/loginLog/delLoginLog',1,3,'N',NULL,'ENABLE',NULL,NULL,NULL,NULL,NULL,NULL),(161,'login_log_list','loginLog','[0],[system],[loginLog],','登录日志列表','','/loginLog/list',2,3,'N',NULL,'ENABLE',NULL,NULL,NULL,NULL,NULL,NULL),(162,'to_role_edit','role','[0],[system],[role],','修改角色跳转','','/role/role_edit',5,3,'N',NULL,'ENABLE',NULL,NULL,NULL,NULL,NULL,NULL),(163,'to_role_assign','role','[0],[system],[role],','角色分配跳转','','/role/role_assign',6,3,'N',NULL,'ENABLE',NULL,NULL,NULL,NULL,NULL,NULL),(164,'role_list','role','[0],[system],[role],','角色列表','','/role/list',7,3,'N',NULL,'ENABLE',NULL,NULL,NULL,NULL,NULL,NULL),(165,'to_assign_role','mgr','[0],[system],[mgr],','分配角色跳转','','/mgr/role_assign',8,3,'N',NULL,'ENABLE',NULL,NULL,NULL,NULL,NULL,NULL),(166,'to_user_edit','mgr','[0],[system],[mgr],','编辑用户跳转','','/mgr/user_edit',9,3,'N',NULL,'ENABLE',NULL,NULL,NULL,NULL,NULL,NULL),(167,'mgr_list','mgr','[0],[system],[mgr],','用户列表','','/mgr/list',10,3,'N',NULL,'ENABLE',NULL,NULL,NULL,NULL,NULL,NULL),(171,'dev_tools','0','[0],','开发工具','layui-icon layui-icon-app','#',20,1,'Y',NULL,'ENABLE',NULL,NULL,NULL,'2019-02-11 15:49:25',NULL,1),(172,'system_message','0','[0],','系统消息','layui-icon layui-icon-tips','#',10,1,'Y',NULL,'ENABLE',NULL,NULL,NULL,'2019-02-11 15:47:32',NULL,1),(1102086867844673538,'Rtime_Monitor','0','[0],','实时监控','layui-icon layui-icon-chart','#',40,1,'Y',NULL,'ENABLE',NULL,NULL,'2019-03-03 14:02:40','2019-03-03 14:13:54',1102084980902801410,1102084980902801410),(1102498283428818946,'pic_processing','Rtime_Monitor','[0],[Rtime_Monitor],','视频处理','','/video/pic_processing',1,2,'Y',NULL,'ENABLE',NULL,NULL,'2019-03-04 17:17:29',NULL,1,NULL),(1104563698935341057,'equipment','Rtime_Monitor','[0],[Rtime_Monitor],','设备状况','','/dataShow/equipment',2,2,'Y',NULL,'ENABLE',NULL,NULL,'2019-03-10 10:04:42',NULL,1102084980902801410,NULL),(1111218719125774338,'Yjbox','0','[0],','预警通知','layui-icon layui-icon-engine','#',50,1,'Y',NULL,'ENABLE',NULL,NULL,'2019-03-28 18:49:23','2019-03-28 18:52:35',1102084980902801410,1102084980902801410),(1111219471575523329,'YjDev','Yjbox','[0],[Yjbox],','设备报警','','/mailbox/Inbox',1,2,'Y',NULL,'ENABLE',NULL,NULL,'2019-03-28 18:52:22','2019-03-28 18:52:53',1102084980902801410,1102084980902801410);

#
# Structure for table "sys_notice"
#

CREATE TABLE `sys_notice` (
  `NOTICE_ID` bigint(20) NOT NULL AUTO_INCREMENT COMMENT '主键',
  `TITLE` varchar(255) DEFAULT NULL COMMENT '标题',
  `CONTENT` text COMMENT '内容',
  `CREATE_TIME` datetime DEFAULT NULL COMMENT '创建时间',
  `CREATE_USER` bigint(20) DEFAULT NULL COMMENT '创建人',
  `UPDATE_TIME` datetime DEFAULT NULL COMMENT '修改时间',
  `UPDATE_USER` bigint(20) DEFAULT NULL COMMENT '修改人',
  PRIMARY KEY (`NOTICE_ID`) USING BTREE
) ENGINE=InnoDB AUTO_INCREMENT=9 DEFAULT CHARSET=utf8 ROW_FORMAT=DYNAMIC COMMENT='通知表';

#
# Data for table "sys_notice"
#

INSERT INTO `sys_notice` VALUES (6,'欢迎','hi，Guns旗舰版发布了！','2017-01-11 08:53:20',1,'2018-12-28 23:24:48',1),(8,'你好','你好，世界！','2017-05-10 19:28:57',1,'2018-12-28 23:28:26',1);

#
# Structure for table "sys_operation_log"
#

CREATE TABLE `sys_operation_log` (
  `OPERATION_LOG_ID` bigint(20) NOT NULL AUTO_INCREMENT COMMENT '主键',
  `LOG_TYPE` varchar(32) DEFAULT NULL COMMENT '日志类型(字典)',
  `LOG_NAME` varchar(255) DEFAULT NULL COMMENT '日志名称',
  `USER_ID` bigint(65) DEFAULT NULL COMMENT '用户id',
  `CLASS_NAME` varchar(255) DEFAULT NULL COMMENT '类名称',
  `METHOD` text COMMENT '方法名称',
  `CREATE_TIME` datetime DEFAULT NULL COMMENT '创建时间',
  `SUCCEED` varchar(32) DEFAULT NULL COMMENT '是否成功(字典)',
  `MESSAGE` text COMMENT '备注',
  PRIMARY KEY (`OPERATION_LOG_ID`) USING BTREE
) ENGINE=InnoDB AUTO_INCREMENT=1111233142000500738 DEFAULT CHARSET=utf8 ROW_FORMAT=DYNAMIC COMMENT='操作日志';

#
# Data for table "sys_operation_log"
#

INSERT INTO `sys_operation_log` VALUES (1101827312090980354,'异常日志','',1,NULL,NULL,'2019-03-02 20:51:17','失败','cn.stylefeng.roses.kernel.model.exception.ServiceException: 不能冻结超级管理员\r\n\tat cn.stylefeng.guns.modular.system.controller.UserMgrController.freeze(UserMgrController.java:311)\r\n\tat cn.stylefeng.guns.modular.system.controller.UserMgrControllerTTFastClassBySpringCGLIBTT7c4c2edf.invoke(<generated>)\r\n\tat org.springframework.cglib.proxy.MethodProxy.invoke(MethodProxy.java:218)\r\n\tat org.springframework.aop.framework.CglibAopProxyTCglibMethodInvocation.invokeJoinpoint(CglibAopProxy.java:749)\r\n\tat org.springframework.aop.framework.ReflectiveMethodInvocation.proceed(ReflectiveMethodInvocation.java:163)\r\n\tat org.springframework.aop.aspectj.MethodInvocationProceedingJoinPoint.proceed(MethodInvocationProceedingJoinPoint.java:88)\r\n\tat cn.stylefeng.guns.core.interceptor.SessionHolderInterceptor.sessionKit(SessionHolderInterceptor.java:44)\r\n\tat sun.reflect.GeneratedMethodAccessor81.invoke(Unknown Source)\r\n\tat sun.reflect.DelegatingMethodAccessorImpl.invoke(DelegatingMethodAccessorImpl.java:43)\r\n\tat java.lang.reflect.Method.invoke(Method.java:483)\r\n\tat org.springframework.aop.aspectj.AbstractAspectJAdvice.invokeAdviceMethodWithGivenArgs(AbstractAspectJAdvice.java:644)\r\n\tat org.springframework.aop.aspectj.AbstractAspectJAdvice.invokeAdviceMethod(AbstractAspectJAdvice.java:633)\r\n\tat org.springframework.aop.aspectj.AspectJAroundAdvice.invoke(AspectJAroundAdvice.java:70)\r\n\tat org.springframework.aop.framework.ReflectiveMethodInvocation.proceed(ReflectiveMethodInvocation.java:186)\r\n\tat org.springframework.aop.aspectj.MethodInvocationProceedingJoinPoint.proceed(MethodInvocationProceedingJoinPoint.java:88)\r\n\tat cn.stylefeng.guns.core.aop.LogAop.recordSysLog(LogAop.java:60)\r\n\tat sun.reflect.NativeMethodAccessorImpl.invoke0(Native Method)\r\n\tat sun.reflect.NativeMethodAccessorImpl.invoke(NativeMethodAccessorImpl.java:62)\r\n\tat sun.reflect.DelegatingMethodAccessorImpl.invoke(DelegatingMethodAccessorImpl.java:43)\r\n\tat java.lang.reflect.Method.invoke(Method.java:483)\r\n\tat org.springframework.aop.aspectj.AbstractAspectJAdvice.invokeAdviceMethodWithGivenArgs(AbstractAspectJAdvice.java:644)\r\n\tat org.springframework.aop.aspectj.AbstractAspectJAdvice.invokeAdviceMethod(AbstractAspectJAdvice.java:633)\r\n\tat org.springframework.aop.aspectj.AspectJAroundAdvice.invoke(AspectJAroundAdvice.java:70)\r\n\tat org.springframework.aop.framework.ReflectiveMethodInvocation.proceed(ReflectiveMethodInvocation.java:175)\r\n\tat org.springframework.aop.aspectj.MethodInvocationProceedingJoinPoint.proceed(MethodInvocationProceedingJoinPoint.java:88)\r\n\tat cn.stylefeng.guns.core.aop.PermissionAop.doPermission(PermissionAop.java:72)\r\n\tat sun.reflect.NativeMethodAccessorImpl.invoke0(Native Method)\r\n\tat sun.reflect.NativeMethodAccessorImpl.invoke(NativeMethodAccessorImpl.java:62)\r\n\tat sun.reflect.DelegatingMethodAccessorImpl.invoke(DelegatingMethodAccessorImpl.java:43)\r\n\tat java.lang.reflect.Method.invoke(Method.java:483)\r\n\tat org.springframework.aop.aspectj.AbstractAspectJAdvice.invokeAdviceMethodWithGivenArgs(AbstractAspectJAdvice.java:644)\r\n\tat org.springframework.aop.aspectj.AbstractAspectJAdvice.invokeAdviceMethod(AbstractAspectJAdvice.java:633)\r\n\tat org.springframework.aop.aspectj.AspectJAroundAdvice.invoke(AspectJAroundAdvice.java:70)\r\n\tat org.springframework.aop.framework.ReflectiveMethodInvocation.proceed(ReflectiveMethodInvocation.java:175)\r\n\tat org.springframework.aop.interceptor.ExposeInvocationInterceptor.invoke(ExposeInvocationInterceptor.java:93)\r\n\tat org.springframework.aop.framework.ReflectiveMethodInvocation.proceed(ReflectiveMethodInvocation.java:186)\r\n\tat org.springframework.aop.framework.CglibAopProxyTDynamicAdvisedInterceptor.intercept(CglibAopProxy.java:688)\r\n\tat cn.stylefeng.guns.modular.system.controller.UserMgrControllerTTEnhancerBySpringCGLIBTTd351f6c9.freeze(<generated>)\r\n\tat sun.reflect.NativeMethodAccessorImpl.invoke0(Native Method)\r\n\tat sun.reflect.NativeMethodAccessorImpl.invoke(NativeMethodAccessorImpl.java:62)\r\n\tat sun.reflect.DelegatingMethodAccessorImpl.invoke(DelegatingMethodAccessorImpl.java:43)\r\n\tat java.lang.reflect.Method.invoke(Method.java:483)\r\n\tat org.springframework.web.method.support.InvocableHandlerMethod.doInvoke(InvocableHandlerMethod.java:189)\r\n\tat org.springframework.web.method.support.InvocableHandlerMethod.invokeForRequest(InvocableHandlerMethod.java:138)\r\n\tat org.springframework.web.servlet.mvc.method.annotation.ServletInvocableHandlerMethod.invokeAndHandle(ServletInvocableHandlerMethod.java:102)\r\n\tat org.springframework.web.servlet.mvc.method.annotation.RequestMappingHandlerAdapter.invokeHandlerMethod(RequestMappingHandlerAdapter.java:895)\r\n\tat org.springframework.web.servlet.mvc.method.annotation.RequestMappingHandlerAdapter.handleInternal(RequestMappingHandlerAdapter.java:800)\r\n\tat org.springframework.web.servlet.mvc.method.AbstractHandlerMethodAdapter.handle(AbstractHandlerMethodAdapter.java:87)\r\n\tat org.springframework.web.servlet.DispatcherServlet.doDispatch(DispatcherServlet.java:1038)\r\n\tat org.springframework.web.servlet.DispatcherServlet.doService(DispatcherServlet.java:942)\r\n\tat org.springframework.web.servlet.FrameworkServlet.processRequest(FrameworkServlet.java:1005)\r\n\tat org.springframework.web.servlet.FrameworkServlet.doPost(FrameworkServlet.java:908)\r\n\tat javax.servlet.http.HttpServlet.service(HttpServlet.java:660)\r\n\tat org.springframework.web.servlet.FrameworkServlet.service(FrameworkServlet.java:882)\r\n\tat javax.servlet.http.HttpServlet.service(HttpServlet.java:741)\r\n\tat org.apache.catalina.core.ApplicationFilterChain.internalDoFilter(ApplicationFilterChain.java:231)\r\n\tat org.apache.catalina.core.ApplicationFilterChain.doFilter(ApplicationFilterChain.java:166)\r\n\tat org.apache.tomcat.websocket.server.WsFilter.doFilter(WsFilter.java:53)\r\n\tat org.apache.catalina.core.ApplicationFilterChain.internalDoFilter(ApplicationFilterChain.java:193)\r\n\tat org.apache.catalina.core.ApplicationFilterChain.doFilter(ApplicationFilterChain.java:166)\r\n\tat org.apache.shiro.web.servlet.ProxiedFilterChain.doFilter(ProxiedFilterChain.java:61)\r\n\tat org.apache.shiro.web.servlet.AdviceFilter.executeChain(AdviceFilter.java:108)\r\n\tat org.apache.shiro.web.servlet.AdviceFilter.doFilterInternal(AdviceFilter.java:137)\r\n\tat org.apache.shiro.web.servlet.OncePerRequestFilter.doFilter(OncePerRequestFilter.java:125)\r\n\tat org.apache.shiro.web.servlet.ProxiedFilterChain.doFilter(ProxiedFilterChain.java:66)\r\n\tat org.apache.shiro.web.servlet.AbstractShiroFilter.executeChain(AbstractShiroFilter.java:449)\r\n\tat org.apache.shiro.web.servlet.AbstractShiroFilterT1.call(AbstractShiroFilter.java:365)\r\n\tat org.apache.shiro.subject.support.SubjectCallable.doCall(SubjectCallable.java:90)\r\n\tat org.apache.shiro.subject.support.SubjectCallable.call(SubjectCallable.java:83)\r\n\tat org.apache.shiro.subject.support.DelegatingSubject.execute(DelegatingSubject.java:387)\r\n\tat org.apache.shiro.web.servlet.AbstractShiroFilter.doFilterInternal(AbstractShiroFilter.java:362)\r\n\tat org.apache.shiro.web.servlet.OncePerRequestFilter.doFilter(OncePerRequestFilter.java:125)\r\n\tat org.apache.catalina.core.ApplicationFilterChain.internalDoFilter(ApplicationFilterChain.java:193)\r\n\tat org.apache.catalina.core.ApplicationFilterChain.doFilter(ApplicationFilterChain.java:166)\r\n\tat cn.stylefeng.roses.core.xss.XssFilter.doFilter(XssFilter.java:31)\r\n\tat org.apache.catalina.core.ApplicationFilterChain.internalDoFilter(ApplicationFilterChain.java:193)\r\n\tat org.apache.catalina.core.ApplicationFilterChain.doFilter(ApplicationFilterChain.java:166)\r\n\tat com.alibaba.druid.support.http.WebStatFilter.doFilter(WebStatFilter.java:123)\r\n\tat org.apache.catalina.core.ApplicationFilterChain.internalDoFilter(ApplicationFilterChain.java:193)\r\n\tat org.apache.catalina.core.ApplicationFilterChain.doFilter(ApplicationFilterChain.java:166)\r\n\tat org.springframework.web.filter.RequestContextFilter.doFilterInternal(RequestContextFilter.java:99)\r\n\tat org.springframework.web.filter.OncePerRequestFilter.doFilter(OncePerRequestFilter.java:107)\r\n\tat org.apache.catalina.core.ApplicationFilterChain.internalDoFilter(ApplicationFilterChain.java:193)\r\n\tat org.apache.catalina.core.ApplicationFilterChain.doFilter(ApplicationFilterChain.java:166)\r\n\tat org.springframework.web.filter.FormContentFilter.doFilterInternal(FormContentFilter.java:92)\r\n\tat org.springframework.web.filter.OncePerRequestFilter.doFilter(OncePerRequestFilter.java:107)\r\n\tat org.apache.catalina.core.ApplicationFilterChain.internalDoFilter(ApplicationFilterChain.java:193)\r\n\tat org.apache.catalina.core.ApplicationFilterChain.doFilter(ApplicationFilterChain.java:166)\r\n\tat org.springframework.web.filter.HiddenHttpMethodFilter.doFilterInternal(HiddenHttpMethodFilter.java:93)\r\n\tat org.springframework.web.filter.OncePerRequestFilter.doFilter(OncePerRequestFilter.java:107)\r\n\tat org.apache.catalina.core.ApplicationFilterChain.internalDoFilter(ApplicationFilterChain.java:193)\r\n\tat org.apache.catalina.core.ApplicationFilterChain.doFilter(ApplicationFilterChain.java:166)\r\n\tat org.springframework.web.filter.CharacterEncodingFilter.doFilterInternal(CharacterEncodingFilter.java:200)\r\n\tat org.springframework.web.filter.OncePerRequestFilter.doFilter(OncePerRequestFilter.java:107)\r\n\tat org.apache.catalina.core.ApplicationFilterChain.internalDoFilter(ApplicationFilterChain.java:193)\r\n\tat org.apache.catalina.core.ApplicationFilterChain.doFilter(ApplicationFilterChain.java:166)\r\n\tat org.apache.catalina.core.StandardWrapperValve.invoke(StandardWrapperValve.java:199)\r\n\tat org.apache.catalina.core.StandardContextValve.invoke(StandardContextValve.java:96)\r\n\tat org.apache.catalina.authenticator.AuthenticatorBase.invoke(AuthenticatorBase.java:490)\r\n\tat org.apache.catalina.core.StandardHostValve.invoke(StandardHostValve.java:139)\r\n\tat org.apache.catalina.valves.ErrorReportValve.invoke(ErrorReportValve.java:92)\r\n\tat org.apache.catalina.core.StandardEngineValve.invoke(StandardEngineValve.java:74)\r\n\tat org.apache.catalina.connector.CoyoteAdapter.service(CoyoteAdapter.java:343)\r\n\tat org.apache.coyote.http11.Http11Processor.service(Http11Processor.java:408)\r\n\tat org.apache.coyote.AbstractProcessorLight.process(AbstractProcessorLight.java:66)\r\n\tat org.apache.coyote.AbstractProtocolTConnectionHandler.process(AbstractProtocol.java:791)\r\n\tat org.apache.tomcat.util.net.NioEndpointTSocketProcessor.doRun(NioEndpoint.java:1417)\r\n\tat org.apache.tomcat.util.net.SocketProcessorBase.run(SocketProcessorBase.java:49)\r\n\tat java.util.concurrent.ThreadPoolExecutor.runWorker(ThreadPoolExecutor.java:1142)\r\n\tat java.util.concurrent.ThreadPoolExecutorTWorker.run(ThreadPoolExecutor.java:617)\r\n\tat org.apache.tomcat.util.threads.TaskThreadTWrappingRunnable.run(TaskThread.java:61)\r\n\tat java.lang.Thread.run(Thread.java:745)\r\n'),(1101831703908941825,'业务日志','修改管理员',1,'cn.stylefeng.guns.modular.system.controller.UserMgrController','edit','2019-03-02 21:08:44','成功','账号=admin;;;字段名称:名字,旧值:stylefeng,新值:刘衍斌'),(1102084745522655233,'业务日志','修改管理员',1,'cn.stylefeng.guns.modular.system.controller.UserMgrController','edit','2019-03-03 13:54:13','成功','账号=admin;;;字段名称:电子邮件,旧值:sn93@qq.com,新值:2018214546@qq.com;;;字段名称:电话,旧值:18200000000,新值:17674063329'),(1102084981364174850,'业务日志','添加管理员',1,'cn.stylefeng.guns.modular.system.controller.UserMgrController','add','2019-03-03 13:55:10','成功','账号=Ljolan'),(1102085353524768769,'异常日志','',1102084980902801410,NULL,NULL,'2019-03-03 13:56:39','失败','cn.stylefeng.roses.kernel.model.exception.ServiceException: 不能冻结超级管理员\r\n\tat cn.stylefeng.guns.modular.system.controller.UserMgrController.freeze(UserMgrController.java:311)\r\n\tat cn.stylefeng.guns.modular.system.controller.UserMgrControllerTTFastClassBySpringCGLIBTT7c4c2edf.invoke(<generated>)\r\n\tat org.springframework.cglib.proxy.MethodProxy.invoke(MethodProxy.java:218)\r\n\tat org.springframework.aop.framework.CglibAopProxyTCglibMethodInvocation.invokeJoinpoint(CglibAopProxy.java:749)\r\n\tat org.springframework.aop.framework.ReflectiveMethodInvocation.proceed(ReflectiveMethodInvocation.java:163)\r\n\tat org.springframework.aop.aspectj.MethodInvocationProceedingJoinPoint.proceed(MethodInvocationProceedingJoinPoint.java:88)\r\n\tat cn.stylefeng.guns.core.interceptor.SessionHolderInterceptor.sessionKit(SessionHolderInterceptor.java:44)\r\n\tat sun.reflect.GeneratedMethodAccessor100.invoke(Unknown Source)\r\n\tat sun.reflect.DelegatingMethodAccessorImpl.invoke(DelegatingMethodAccessorImpl.java:43)\r\n\tat java.lang.reflect.Method.invoke(Method.java:483)\r\n\tat org.springframework.aop.aspectj.AbstractAspectJAdvice.invokeAdviceMethodWithGivenArgs(AbstractAspectJAdvice.java:644)\r\n\tat org.springframework.aop.aspectj.AbstractAspectJAdvice.invokeAdviceMethod(AbstractAspectJAdvice.java:633)\r\n\tat org.springframework.aop.aspectj.AspectJAroundAdvice.invoke(AspectJAroundAdvice.java:70)\r\n\tat org.springframework.aop.framework.ReflectiveMethodInvocation.proceed(ReflectiveMethodInvocation.java:186)\r\n\tat org.springframework.aop.aspectj.MethodInvocationProceedingJoinPoint.proceed(MethodInvocationProceedingJoinPoint.java:88)\r\n\tat cn.stylefeng.guns.core.aop.LogAop.recordSysLog(LogAop.java:60)\r\n\tat sun.reflect.NativeMethodAccessorImpl.invoke0(Native Method)\r\n\tat sun.reflect.NativeMethodAccessorImpl.invoke(NativeMethodAccessorImpl.java:62)\r\n\tat sun.reflect.DelegatingMethodAccessorImpl.invoke(DelegatingMethodAccessorImpl.java:43)\r\n\tat java.lang.reflect.Method.invoke(Method.java:483)\r\n\tat org.springframework.aop.aspectj.AbstractAspectJAdvice.invokeAdviceMethodWithGivenArgs(AbstractAspectJAdvice.java:644)\r\n\tat org.springframework.aop.aspectj.AbstractAspectJAdvice.invokeAdviceMethod(AbstractAspectJAdvice.java:633)\r\n\tat org.springframework.aop.aspectj.AspectJAroundAdvice.invoke(AspectJAroundAdvice.java:70)\r\n\tat org.springframework.aop.framework.ReflectiveMethodInvocation.proceed(ReflectiveMethodInvocation.java:175)\r\n\tat org.springframework.aop.aspectj.MethodInvocationProceedingJoinPoint.proceed(MethodInvocationProceedingJoinPoint.java:88)\r\n\tat cn.stylefeng.guns.core.aop.PermissionAop.doPermission(PermissionAop.java:72)\r\n\tat sun.reflect.NativeMethodAccessorImpl.invoke0(Native Method)\r\n\tat sun.reflect.NativeMethodAccessorImpl.invoke(NativeMethodAccessorImpl.java:62)\r\n\tat sun.reflect.DelegatingMethodAccessorImpl.invoke(DelegatingMethodAccessorImpl.java:43)\r\n\tat java.lang.reflect.Method.invoke(Method.java:483)\r\n\tat org.springframework.aop.aspectj.AbstractAspectJAdvice.invokeAdviceMethodWithGivenArgs(AbstractAspectJAdvice.java:644)\r\n\tat org.springframework.aop.aspectj.AbstractAspectJAdvice.invokeAdviceMethod(AbstractAspectJAdvice.java:633)\r\n\tat org.springframework.aop.aspectj.AspectJAroundAdvice.invoke(AspectJAroundAdvice.java:70)\r\n\tat org.springframework.aop.framework.ReflectiveMethodInvocation.proceed(ReflectiveMethodInvocation.java:175)\r\n\tat org.springframework.aop.interceptor.ExposeInvocationInterceptor.invoke(ExposeInvocationInterceptor.java:93)\r\n\tat org.springframework.aop.framework.ReflectiveMethodInvocation.proceed(ReflectiveMethodInvocation.java:186)\r\n\tat org.springframework.aop.framework.CglibAopProxyTDynamicAdvisedInterceptor.intercept(CglibAopProxy.java:688)\r\n\tat cn.stylefeng.guns.modular.system.controller.UserMgrControllerTTEnhancerBySpringCGLIBTTfb630d5d.freeze(<generated>)\r\n\tat sun.reflect.NativeMethodAccessorImpl.invoke0(Native Method)\r\n\tat sun.reflect.NativeMethodAccessorImpl.invoke(NativeMethodAccessorImpl.java:62)\r\n\tat sun.reflect.DelegatingMethodAccessorImpl.invoke(DelegatingMethodAccessorImpl.java:43)\r\n\tat java.lang.reflect.Method.invoke(Method.java:483)\r\n\tat org.springframework.web.method.support.InvocableHandlerMethod.doInvoke(InvocableHandlerMethod.java:189)\r\n\tat org.springframework.web.method.support.InvocableHandlerMethod.invokeForRequest(InvocableHandlerMethod.java:138)\r\n\tat org.springframework.web.servlet.mvc.method.annotation.ServletInvocableHandlerMethod.invokeAndHandle(ServletInvocableHandlerMethod.java:102)\r\n\tat org.springframework.web.servlet.mvc.method.annotation.RequestMappingHandlerAdapter.invokeHandlerMethod(RequestMappingHandlerAdapter.java:895)\r\n\tat org.springframework.web.servlet.mvc.method.annotation.RequestMappingHandlerAdapter.handleInternal(RequestMappingHandlerAdapter.java:800)\r\n\tat org.springframework.web.servlet.mvc.method.AbstractHandlerMethodAdapter.handle(AbstractHandlerMethodAdapter.java:87)\r\n\tat org.springframework.web.servlet.DispatcherServlet.doDispatch(DispatcherServlet.java:1038)\r\n\tat org.springframework.web.servlet.DispatcherServlet.doService(DispatcherServlet.java:942)\r\n\tat org.springframework.web.servlet.FrameworkServlet.processRequest(FrameworkServlet.java:1005)\r\n\tat org.springframework.web.servlet.FrameworkServlet.doPost(FrameworkServlet.java:908)\r\n\tat javax.servlet.http.HttpServlet.service(HttpServlet.java:660)\r\n\tat org.springframework.web.servlet.FrameworkServlet.service(FrameworkServlet.java:882)\r\n\tat javax.servlet.http.HttpServlet.service(HttpServlet.java:741)\r\n\tat org.apache.catalina.core.ApplicationFilterChain.internalDoFilter(ApplicationFilterChain.java:231)\r\n\tat org.apache.catalina.core.ApplicationFilterChain.doFilter(ApplicationFilterChain.java:166)\r\n\tat org.apache.tomcat.websocket.server.WsFilter.doFilter(WsFilter.java:53)\r\n\tat org.apache.catalina.core.ApplicationFilterChain.internalDoFilter(ApplicationFilterChain.java:193)\r\n\tat org.apache.catalina.core.ApplicationFilterChain.doFilter(ApplicationFilterChain.java:166)\r\n\tat org.apache.shiro.web.servlet.ProxiedFilterChain.doFilter(ProxiedFilterChain.java:61)\r\n\tat org.apache.shiro.web.servlet.AdviceFilter.executeChain(AdviceFilter.java:108)\r\n\tat org.apache.shiro.web.servlet.AdviceFilter.doFilterInternal(AdviceFilter.java:137)\r\n\tat org.apache.shiro.web.servlet.OncePerRequestFilter.doFilter(OncePerRequestFilter.java:125)\r\n\tat org.apache.shiro.web.servlet.ProxiedFilterChain.doFilter(ProxiedFilterChain.java:66)\r\n\tat org.apache.shiro.web.servlet.AbstractShiroFilter.executeChain(AbstractShiroFilter.java:449)\r\n\tat org.apache.shiro.web.servlet.AbstractShiroFilterT1.call(AbstractShiroFilter.java:365)\r\n\tat org.apache.shiro.subject.support.SubjectCallable.doCall(SubjectCallable.java:90)\r\n\tat org.apache.shiro.subject.support.SubjectCallable.call(SubjectCallable.java:83)\r\n\tat org.apache.shiro.subject.support.DelegatingSubject.execute(DelegatingSubject.java:387)\r\n\tat org.apache.shiro.web.servlet.AbstractShiroFilter.doFilterInternal(AbstractShiroFilter.java:362)\r\n\tat org.apache.shiro.web.servlet.OncePerRequestFilter.doFilter(OncePerRequestFilter.java:125)\r\n\tat org.apache.catalina.core.ApplicationFilterChain.internalDoFilter(ApplicationFilterChain.java:193)\r\n\tat org.apache.catalina.core.ApplicationFilterChain.doFilter(ApplicationFilterChain.java:166)\r\n\tat cn.stylefeng.roses.core.xss.XssFilter.doFilter(XssFilter.java:31)\r\n\tat org.apache.catalina.core.ApplicationFilterChain.internalDoFilter(ApplicationFilterChain.java:193)\r\n\tat org.apache.catalina.core.ApplicationFilterChain.doFilter(ApplicationFilterChain.java:166)\r\n\tat com.alibaba.druid.support.http.WebStatFilter.doFilter(WebStatFilter.java:123)\r\n\tat org.apache.catalina.core.ApplicationFilterChain.internalDoFilter(ApplicationFilterChain.java:193)\r\n\tat org.apache.catalina.core.ApplicationFilterChain.doFilter(ApplicationFilterChain.java:166)\r\n\tat org.springframework.web.filter.RequestContextFilter.doFilterInternal(RequestContextFilter.java:99)\r\n\tat org.springframework.web.filter.OncePerRequestFilter.doFilter(OncePerRequestFilter.java:107)\r\n\tat org.apache.catalina.core.ApplicationFilterChain.internalDoFilter(ApplicationFilterChain.java:193)\r\n\tat org.apache.catalina.core.ApplicationFilterChain.doFilter(ApplicationFilterChain.java:166)\r\n\tat org.springframework.web.filter.FormContentFilter.doFilterInternal(FormContentFilter.java:92)\r\n\tat org.springframework.web.filter.OncePerRequestFilter.doFilter(OncePerRequestFilter.java:107)\r\n\tat org.apache.catalina.core.ApplicationFilterChain.internalDoFilter(ApplicationFilterChain.java:193)\r\n\tat org.apache.catalina.core.ApplicationFilterChain.doFilter(ApplicationFilterChain.java:166)\r\n\tat org.springframework.web.filter.HiddenHttpMethodFilter.doFilterInternal(HiddenHttpMethodFilter.java:93)\r\n\tat org.springframework.web.filter.OncePerRequestFilter.doFilter(OncePerRequestFilter.java:107)\r\n\tat org.apache.catalina.core.ApplicationFilterChain.internalDoFilter(ApplicationFilterChain.java:193)\r\n\tat org.apache.catalina.core.ApplicationFilterChain.doFilter(ApplicationFilterChain.java:166)\r\n\tat org.springframework.web.filter.CharacterEncodingFilter.doFilterInternal(CharacterEncodingFilter.java:200)\r\n\tat org.springframework.web.filter.OncePerRequestFilter.doFilter(OncePerRequestFilter.java:107)\r\n\tat org.apache.catalina.core.ApplicationFilterChain.internalDoFilter(ApplicationFilterChain.java:193)\r\n\tat org.apache.catalina.core.ApplicationFilterChain.doFilter(ApplicationFilterChain.java:166)\r\n\tat org.apache.catalina.core.StandardWrapperValve.invoke(StandardWrapperValve.java:199)\r\n\tat org.apache.catalina.core.StandardContextValve.invoke(StandardContextValve.java:96)\r\n\tat org.apache.catalina.authenticator.AuthenticatorBase.invoke(AuthenticatorBase.java:490)\r\n\tat org.apache.catalina.core.StandardHostValve.invoke(StandardHostValve.java:139)\r\n\tat org.apache.catalina.valves.ErrorReportValve.invoke(ErrorReportValve.java:92)\r\n\tat org.apache.catalina.core.StandardEngineValve.invoke(StandardEngineValve.java:74)\r\n\tat org.apache.catalina.connector.CoyoteAdapter.service(CoyoteAdapter.java:343)\r\n\tat org.apache.coyote.http11.Http11Processor.service(Http11Processor.java:408)\r\n\tat org.apache.coyote.AbstractProcessorLight.process(AbstractProcessorLight.java:66)\r\n\tat org.apache.coyote.AbstractProtocolTConnectionHandler.process(AbstractProtocol.java:791)\r\n\tat org.apache.tomcat.util.net.NioEndpointTSocketProcessor.doRun(NioEndpoint.java:1417)\r\n\tat org.apache.tomcat.util.net.SocketProcessorBase.run(SocketProcessorBase.java:49)\r\n\tat java.util.concurrent.ThreadPoolExecutor.runWorker(ThreadPoolExecutor.java:1142)\r\n\tat java.util.concurrent.ThreadPoolExecutorTWorker.run(ThreadPoolExecutor.java:617)\r\n\tat org.apache.tomcat.util.threads.TaskThreadTWrappingRunnable.run(TaskThread.java:61)\r\n\tat java.lang.Thread.run(Thread.java:745)\r\n'),(1102085972377546753,'异常日志','',1102084980902801410,NULL,NULL,'2019-03-03 13:59:06','失败','cn.stylefeng.roses.kernel.model.exception.ServiceException: 菜单编号重复，不能添加\r\n\tat cn.stylefeng.guns.modular.system.service.MenuService.addMenu(MenuService.java:58)\r\n\tat cn.stylefeng.guns.modular.system.service.MenuServiceTTFastClassBySpringCGLIBTTafc31a75.invoke(<generated>)\r\n\tat org.springframework.cglib.proxy.MethodProxy.invoke(MethodProxy.java:218)\r\n\tat org.springframework.aop.framework.CglibAopProxyTCglibMethodInvocation.invokeJoinpoint(CglibAopProxy.java:749)\r\n\tat org.springframework.aop.framework.ReflectiveMethodInvocation.proceed(ReflectiveMethodInvocation.java:163)\r\n\tat com.alibaba.druid.support.spring.stat.DruidStatInterceptor.invoke(DruidStatInterceptor.java:72)\r\n\tat org.springframework.aop.framework.ReflectiveMethodInvocation.proceed(ReflectiveMethodInvocation.java:186)\r\n\tat org.springframework.transaction.interceptor.TransactionInterceptorTTLambdaT525/1502741224.proceedWithInvocation(Unknown Source)\r\n\tat org.springframework.transaction.interceptor.TransactionAspectSupport.invokeWithinTransaction(TransactionAspectSupport.java:294)\r\n\tat org.springframework.transaction.interceptor.TransactionInterceptor.invoke(TransactionInterceptor.java:98)\r\n\tat org.springframework.aop.framework.ReflectiveMethodInvocation.proceed(ReflectiveMethodInvocation.java:186)\r\n\tat org.springframework.aop.framework.CglibAopProxyTDynamicAdvisedInterceptor.intercept(CglibAopProxy.java:688)\r\n\tat cn.stylefeng.guns.modular.system.service.MenuServiceTTEnhancerBySpringCGLIBTTd5575001.addMenu(<generated>)\r\n\tat cn.stylefeng.guns.modular.system.controller.MenuController.add(MenuController.java:177)\r\n\tat cn.stylefeng.guns.modular.system.controller.MenuControllerTTFastClassBySpringCGLIBTT3bdef105.invoke(<generated>)\r\n\tat org.springframework.cglib.proxy.MethodProxy.invoke(MethodProxy.java:218)\r\n\tat org.springframework.aop.framework.CglibAopProxyTCglibMethodInvocation.invokeJoinpoint(CglibAopProxy.java:749)\r\n\tat org.springframework.aop.framework.ReflectiveMethodInvocation.proceed(ReflectiveMethodInvocation.java:163)\r\n\tat org.springframework.aop.aspectj.MethodInvocationProceedingJoinPoint.proceed(MethodInvocationProceedingJoinPoint.java:88)\r\n\tat cn.stylefeng.guns.core.interceptor.SessionHolderInterceptor.sessionKit(SessionHolderInterceptor.java:44)\r\n\tat sun.reflect.GeneratedMethodAccessor100.invoke(Unknown Source)\r\n\tat sun.reflect.DelegatingMethodAccessorImpl.invoke(DelegatingMethodAccessorImpl.java:43)\r\n\tat java.lang.reflect.Method.invoke(Method.java:483)\r\n\tat org.springframework.aop.aspectj.AbstractAspectJAdvice.invokeAdviceMethodWithGivenArgs(AbstractAspectJAdvice.java:644)\r\n\tat org.springframework.aop.aspectj.AbstractAspectJAdvice.invokeAdviceMethod(AbstractAspectJAdvice.java:633)\r\n\tat org.springframework.aop.aspectj.AspectJAroundAdvice.invoke(AspectJAroundAdvice.java:70)\r\n\tat org.springframework.aop.framework.ReflectiveMethodInvocation.proceed(ReflectiveMethodInvocation.java:186)\r\n\tat org.springframework.aop.aspectj.MethodInvocationProceedingJoinPoint.proceed(MethodInvocationProceedingJoinPoint.java:88)\r\n\tat cn.stylefeng.guns.core.aop.LogAop.recordSysLog(LogAop.java:60)\r\n\tat sun.reflect.NativeMethodAccessorImpl.invoke0(Native Method)\r\n\tat sun.reflect.NativeMethodAccessorImpl.invoke(NativeMethodAccessorImpl.java:62)\r\n\tat sun.reflect.DelegatingMethodAccessorImpl.invoke(DelegatingMethodAccessorImpl.java:43)\r\n\tat java.lang.reflect.Method.invoke(Method.java:483)\r\n\tat org.springframework.aop.aspectj.AbstractAspectJAdvice.invokeAdviceMethodWithGivenArgs(AbstractAspectJAdvice.java:644)\r\n\tat org.springframework.aop.aspectj.AbstractAspectJAdvice.invokeAdviceMethod(AbstractAspectJAdvice.java:633)\r\n\tat org.springframework.aop.aspectj.AspectJAroundAdvice.invoke(AspectJAroundAdvice.java:70)\r\n\tat org.springframework.aop.framework.ReflectiveMethodInvocation.proceed(ReflectiveMethodInvocation.java:175)\r\n\tat org.springframework.aop.aspectj.MethodInvocationProceedingJoinPoint.proceed(MethodInvocationProceedingJoinPoint.java:88)\r\n\tat cn.stylefeng.guns.core.aop.PermissionAop.doPermission(PermissionAop.java:72)\r\n\tat sun.reflect.NativeMethodAccessorImpl.invoke0(Native Method)\r\n\tat sun.reflect.NativeMethodAccessorImpl.invoke(NativeMethodAccessorImpl.java:62)\r\n\tat sun.reflect.DelegatingMethodAccessorImpl.invoke(DelegatingMethodAccessorImpl.java:43)\r\n\tat java.lang.reflect.Method.invoke(Method.java:483)\r\n\tat org.springframework.aop.aspectj.AbstractAspectJAdvice.invokeAdviceMethodWithGivenArgs(AbstractAspectJAdvice.java:644)\r\n\tat org.springframework.aop.aspectj.AbstractAspectJAdvice.invokeAdviceMethod(AbstractAspectJAdvice.java:633)\r\n\tat org.springframework.aop.aspectj.AspectJAroundAdvice.invoke(AspectJAroundAdvice.java:70)\r\n\tat org.springframework.aop.framework.ReflectiveMethodInvocation.proceed(ReflectiveMethodInvocation.java:175)\r\n\tat org.springframework.aop.interceptor.ExposeInvocationInterceptor.invoke(ExposeInvocationInterceptor.java:93)\r\n\tat org.springframework.aop.framework.ReflectiveMethodInvocation.proceed(ReflectiveMethodInvocation.java:186)\r\n\tat org.springframework.aop.framework.CglibAopProxyTDynamicAdvisedInterceptor.intercept(CglibAopProxy.java:688)\r\n\tat cn.stylefeng.guns.modular.system.controller.MenuControllerTTEnhancerBySpringCGLIBTT4bfadb8f.add(<generated>)\r\n\tat sun.reflect.NativeMethodAccessorImpl.invoke0(Native Method)\r\n\tat sun.reflect.NativeMethodAccessorImpl.invoke(NativeMethodAccessorImpl.java:62)\r\n\tat sun.reflect.DelegatingMethodAccessorImpl.invoke(DelegatingMethodAccessorImpl.java:43)\r\n\tat java.lang.reflect.Method.invoke(Method.java:483)\r\n\tat org.springframework.web.method.support.InvocableHandlerMethod.doInvoke(InvocableHandlerMethod.java:189)\r\n\tat org.springframework.web.method.support.InvocableHandlerMethod.invokeForRequest(InvocableHandlerMethod.java:138)\r\n\tat org.springframework.web.servlet.mvc.method.annotation.ServletInvocableHandlerMethod.invokeAndHandle(ServletInvocableHandlerMethod.java:102)\r\n\tat org.springframework.web.servlet.mvc.method.annotation.RequestMappingHandlerAdapter.invokeHandlerMethod(RequestMappingHandlerAdapter.java:895)\r\n\tat org.springframework.web.servlet.mvc.method.annotation.RequestMappingHandlerAdapter.handleInternal(RequestMappingHandlerAdapter.java:800)\r\n\tat org.springframework.web.servlet.mvc.method.AbstractHandlerMethodAdapter.handle(AbstractHandlerMethodAdapter.java:87)\r\n\tat org.springframework.web.servlet.DispatcherServlet.doDispatch(DispatcherServlet.java:1038)\r\n\tat org.springframework.web.servlet.DispatcherServlet.doService(DispatcherServlet.java:942)\r\n\tat org.springframework.web.servlet.FrameworkServlet.processRequest(FrameworkServlet.java:1005)\r\n\tat org.springframework.web.servlet.FrameworkServlet.doPost(FrameworkServlet.java:908)\r\n\tat javax.servlet.http.HttpServlet.service(HttpServlet.java:660)\r\n\tat org.springframework.web.servlet.FrameworkServlet.service(FrameworkServlet.java:882)\r\n\tat javax.servlet.http.HttpServlet.service(HttpServlet.java:741)\r\n\tat org.apache.catalina.core.ApplicationFilterChain.internalDoFilter(ApplicationFilterChain.java:231)\r\n\tat org.apache.catalina.core.ApplicationFilterChain.doFilter(ApplicationFilterChain.java:166)\r\n\tat org.apache.tomcat.websocket.server.WsFilter.doFilter(WsFilter.java:53)\r\n\tat org.apache.catalina.core.ApplicationFilterChain.internalDoFilter(ApplicationFilterChain.java:193)\r\n\tat org.apache.catalina.core.ApplicationFilterChain.doFilter(ApplicationFilterChain.java:166)\r\n\tat org.apache.shiro.web.servlet.ProxiedFilterChain.doFilter(ProxiedFilterChain.java:61)\r\n\tat org.apache.shiro.web.servlet.AdviceFilter.executeChain(AdviceFilter.java:108)\r\n\tat org.apache.shiro.web.servlet.AdviceFilter.doFilterInternal(AdviceFilter.java:137)\r\n\tat org.apache.shiro.web.servlet.OncePerRequestFilter.doFilter(OncePerRequestFilter.java:125)\r\n\tat org.apache.shiro.web.servlet.ProxiedFilterChain.doFilter(ProxiedFilterChain.java:66)\r\n\tat org.apache.shiro.web.servlet.AbstractShiroFilter.executeChain(AbstractShiroFilter.java:449)\r\n\tat org.apache.shiro.web.servlet.AbstractShiroFilterT1.call(AbstractShiroFilter.java:365)\r\n\tat org.apache.shiro.subject.support.SubjectCallable.doCall(SubjectCallable.java:90)\r\n\tat org.apache.shiro.subject.support.SubjectCallable.call(SubjectCallable.java:83)\r\n\tat org.apache.shiro.subject.support.DelegatingSubject.execute(DelegatingSubject.java:387)\r\n\tat org.apache.shiro.web.servlet.AbstractShiroFilter.doFilterInternal(AbstractShiroFilter.java:362)\r\n\tat org.apache.shiro.web.servlet.OncePerRequestFilter.doFilter(OncePerRequestFilter.java:125)\r\n\tat org.apache.catalina.core.ApplicationFilterChain.internalDoFilter(ApplicationFilterChain.java:193)\r\n\tat org.apache.catalina.core.ApplicationFilterChain.doFilter(ApplicationFilterChain.java:166)\r\n\tat cn.stylefeng.roses.core.xss.XssFilter.doFilter(XssFilter.java:31)\r\n\tat org.apache.catalina.core.ApplicationFilterChain.internalDoFilter(ApplicationFilterChain.java:193)\r\n\tat org.apache.catalina.core.ApplicationFilterChain.doFilter(ApplicationFilterChain.java:166)\r\n\tat com.alibaba.druid.support.http.WebStatFilter.doFilter(WebStatFilter.java:123)\r\n\tat org.apache.catalina.core.ApplicationFilterChain.internalDoFilter(ApplicationFilterChain.java:193)\r\n\tat org.apache.catalina.core.ApplicationFilterChain.doFilter(ApplicationFilterChain.java:166)\r\n\tat org.springframework.web.filter.RequestContextFilter.doFilterInternal(RequestContextFilter.java:99)\r\n\tat org.springframework.web.filter.OncePerRequestFilter.doFilter(OncePerRequestFilter.java:107)\r\n\tat org.apache.catalina.core.ApplicationFilterChain.internalDoFilter(ApplicationFilterChain.java:193)\r\n\tat org.apache.catalina.core.ApplicationFilterChain.doFilter(ApplicationFilterChain.java:166)\r\n\tat org.springframework.web.filter.FormContentFilter.doFilterInternal(FormContentFilter.java:92)\r\n\tat org.springframework.web.filter.OncePerRequestFilter.doFilter(OncePerRequestFilter.java:107)\r\n\tat org.apache.catalina.core.ApplicationFilterChain.internalDoFilter(ApplicationFilterChain.java:193)\r\n\tat org.apache.catalina.core.ApplicationFilterChain.doFilter(ApplicationFilterChain.java:166)\r\n\tat org.springframework.web.filter.HiddenHttpMethodFilter.doFilterInternal(HiddenHttpMethodFilter.java:93)\r\n\tat org.springframework.web.filter.OncePerRequestFilter.doFilter(OncePerRequestFilter.java:107)\r\n\tat org.apache.catalina.core.ApplicationFilterChain.internalDoFilter(ApplicationFilterChain.java:193)\r\n\tat org.apache.catalina.core.ApplicationFilterChain.doFilter(ApplicationFilterChain.java:166)\r\n\tat org.springframework.web.filter.CharacterEncodingFilter.doFilterInternal(CharacterEncodingFilter.java:200)\r\n\tat org.springframework.web.filter.OncePerRequestFilter.doFilter(OncePerRequestFilter.java:107)\r\n\tat org.apache.catalina.core.ApplicationFilterChain.internalDoFilter(ApplicationFilterChain.java:193)\r\n\tat org.apache.catalina.core.ApplicationFilterChain.doFilter(ApplicationFilterChain.java:166)\r\n\tat org.apache.catalina.core.StandardWrapperValve.invoke(StandardWrapperValve.java:199)\r\n\tat org.apache.catalina.core.StandardContextValve.invoke(StandardContextValve.java:96)\r\n\tat org.apache.catalina.authenticator.AuthenticatorBase.invoke(AuthenticatorBase.java:490)\r\n\tat org.apache.catalina.core.StandardHostValve.invoke(StandardHostValve.java:139)\r\n\tat org.apache.catalina.valves.ErrorReportValve.invoke(ErrorReportValve.java:92)\r\n\tat org.apache.catalina.core.StandardEngineValve.invoke(StandardEngineValve.java:74)\r\n\tat org.apache.catalina.connector.CoyoteAdapter.service(CoyoteAdapter.java:343)\r\n\tat org.apache.coyote.http11.Http11Processor.service(Http11Processor.java:408)\r\n\tat org.apache.coyote.AbstractProcessorLight.process(AbstractProcessorLight.java:66)\r\n\tat org.apache.coyote.AbstractProtocolTConnectionHandler.process(AbstractProtocol.java:791)\r\n\tat org.apache.tomcat.util.net.NioEndpointTSocketProcessor.doRun(NioEndpoint.java:1417)\r\n\tat org.apache.tomcat.util.net.SocketProcessorBase.run(SocketProcessorBase.java:49)\r\n\tat java.util.concurrent.ThreadPoolExecutor.runWorker(ThreadPoolExecutor.java:1142)\r\n\tat java.util.concurrent.ThreadPoolExecutorTWorker.run(ThreadPoolExecutor.java:617)\r\n\tat org.apache.tomcat.util.threads.TaskThreadTWrappingRunnable.run(TaskThread.java:61)\r\n\tat java.lang.Thread.run(Thread.java:745)\r\n'),(1102086868335407105,'业务日志','菜单新增',1102084980902801410,'cn.stylefeng.guns.modular.system.controller.MenuController','add','2019-03-03 14:02:40','成功','菜单名称=实时监控'),(1102087082043584513,'业务日志','修改菜单',1102084980902801410,'cn.stylefeng.guns.modular.system.controller.MenuController','edit','2019-03-03 14:03:31','成功','菜单名称=实时监控;;;字段名称:菜单图标,旧值:fa-wpexplorer,新值:fa fa-wpexplorer'),(1102089053240635394,'业务日志','修改菜单',1102084980902801410,'cn.stylefeng.guns.modular.system.controller.MenuController','edit','2019-03-03 14:11:21','成功','菜单名称=实时监控;;;字段名称:菜单图标,旧值:fa fa-wpexplorer,新值:layui-icon layui-icon-data'),(1102089695988363265,'业务日志','修改菜单',1102084980902801410,'cn.stylefeng.guns.modular.system.controller.MenuController','edit','2019-03-03 14:13:54','成功','菜单名称=实时监控;;;字段名称:菜单图标,旧值:layui-icon layui-icon-data,新值:layui-icon layui-icon-chart'),(1102498283877609473,'业务日志','菜单新增',1,'cn.stylefeng.guns.modular.system.controller.MenuController','add','2019-03-04 17:17:29','成功','菜单名称=视频处理'),(1104563699040198658,'业务日志','菜单新增',1102084980902801410,'cn.stylefeng.guns.modular.system.controller.MenuController','add','2019-03-10 10:04:42','成功','菜单名称=设备状况'),(1104566070955581441,'异常日志','',1102084980902801410,NULL,NULL,'2019-03-10 10:14:07','失败','cn.stylefeng.roses.kernel.model.exception.ServiceException: 不能修改超级管理员角色\r\n\tat cn.stylefeng.guns.modular.system.controller.UserMgrController.setRole(UserMgrController.java:353)\r\n\tat cn.stylefeng.guns.modular.system.controller.UserMgrControllerTTFastClassBySpringCGLIBTT7c4c2edf.invoke(<generated>)\r\n\tat org.springframework.cglib.proxy.MethodProxy.invoke(MethodProxy.java:218)\r\n\tat org.springframework.aop.framework.CglibAopProxyTCglibMethodInvocation.invokeJoinpoint(CglibAopProxy.java:749)\r\n\tat org.springframework.aop.framework.ReflectiveMethodInvocation.proceed(ReflectiveMethodInvocation.java:163)\r\n\tat org.springframework.aop.aspectj.MethodInvocationProceedingJoinPoint.proceed(MethodInvocationProceedingJoinPoint.java:88)\r\n\tat cn.stylefeng.guns.core.interceptor.SessionHolderInterceptor.sessionKit(SessionHolderInterceptor.java:44)\r\n\tat sun.reflect.GeneratedMethodAccessor94.invoke(Unknown Source)\r\n\tat sun.reflect.DelegatingMethodAccessorImpl.invoke(DelegatingMethodAccessorImpl.java:43)\r\n\tat java.lang.reflect.Method.invoke(Method.java:483)\r\n\tat org.springframework.aop.aspectj.AbstractAspectJAdvice.invokeAdviceMethodWithGivenArgs(AbstractAspectJAdvice.java:644)\r\n\tat org.springframework.aop.aspectj.AbstractAspectJAdvice.invokeAdviceMethod(AbstractAspectJAdvice.java:633)\r\n\tat org.springframework.aop.aspectj.AspectJAroundAdvice.invoke(AspectJAroundAdvice.java:70)\r\n\tat org.springframework.aop.framework.ReflectiveMethodInvocation.proceed(ReflectiveMethodInvocation.java:186)\r\n\tat org.springframework.aop.aspectj.MethodInvocationProceedingJoinPoint.proceed(MethodInvocationProceedingJoinPoint.java:88)\r\n\tat cn.stylefeng.guns.core.aop.LogAop.recordSysLog(LogAop.java:60)\r\n\tat sun.reflect.NativeMethodAccessorImpl.invoke0(Native Method)\r\n\tat sun.reflect.NativeMethodAccessorImpl.invoke(NativeMethodAccessorImpl.java:62)\r\n\tat sun.reflect.DelegatingMethodAccessorImpl.invoke(DelegatingMethodAccessorImpl.java:43)\r\n\tat java.lang.reflect.Method.invoke(Method.java:483)\r\n\tat org.springframework.aop.aspectj.AbstractAspectJAdvice.invokeAdviceMethodWithGivenArgs(AbstractAspectJAdvice.java:644)\r\n\tat org.springframework.aop.aspectj.AbstractAspectJAdvice.invokeAdviceMethod(AbstractAspectJAdvice.java:633)\r\n\tat org.springframework.aop.aspectj.AspectJAroundAdvice.invoke(AspectJAroundAdvice.java:70)\r\n\tat org.springframework.aop.framework.ReflectiveMethodInvocation.proceed(ReflectiveMethodInvocation.java:175)\r\n\tat org.springframework.aop.aspectj.MethodInvocationProceedingJoinPoint.proceed(MethodInvocationProceedingJoinPoint.java:88)\r\n\tat cn.stylefeng.guns.core.aop.PermissionAop.doPermission(PermissionAop.java:72)\r\n\tat sun.reflect.NativeMethodAccessorImpl.invoke0(Native Method)\r\n\tat sun.reflect.NativeMethodAccessorImpl.invoke(NativeMethodAccessorImpl.java:62)\r\n\tat sun.reflect.DelegatingMethodAccessorImpl.invoke(DelegatingMethodAccessorImpl.java:43)\r\n\tat java.lang.reflect.Method.invoke(Method.java:483)\r\n\tat org.springframework.aop.aspectj.AbstractAspectJAdvice.invokeAdviceMethodWithGivenArgs(AbstractAspectJAdvice.java:644)\r\n\tat org.springframework.aop.aspectj.AbstractAspectJAdvice.invokeAdviceMethod(AbstractAspectJAdvice.java:633)\r\n\tat org.springframework.aop.aspectj.AspectJAroundAdvice.invoke(AspectJAroundAdvice.java:70)\r\n\tat org.springframework.aop.framework.ReflectiveMethodInvocation.proceed(ReflectiveMethodInvocation.java:175)\r\n\tat org.springframework.aop.interceptor.ExposeInvocationInterceptor.invoke(ExposeInvocationInterceptor.java:93)\r\n\tat org.springframework.aop.framework.ReflectiveMethodInvocation.proceed(ReflectiveMethodInvocation.java:186)\r\n\tat org.springframework.aop.framework.CglibAopProxyTDynamicAdvisedInterceptor.intercept(CglibAopProxy.java:688)\r\n\tat cn.stylefeng.guns.modular.system.controller.UserMgrControllerTTEnhancerBySpringCGLIBTT5046375c.setRole(<generated>)\r\n\tat sun.reflect.NativeMethodAccessorImpl.invoke0(Native Method)\r\n\tat sun.reflect.NativeMethodAccessorImpl.invoke(NativeMethodAccessorImpl.java:62)\r\n\tat sun.reflect.DelegatingMethodAccessorImpl.invoke(DelegatingMethodAccessorImpl.java:43)\r\n\tat java.lang.reflect.Method.invoke(Method.java:483)\r\n\tat org.springframework.web.method.support.InvocableHandlerMethod.doInvoke(InvocableHandlerMethod.java:189)\r\n\tat org.springframework.web.method.support.InvocableHandlerMethod.invokeForRequest(InvocableHandlerMethod.java:138)\r\n\tat org.springframework.web.servlet.mvc.method.annotation.ServletInvocableHandlerMethod.invokeAndHandle(ServletInvocableHandlerMethod.java:102)\r\n\tat org.springframework.web.servlet.mvc.method.annotation.RequestMappingHandlerAdapter.invokeHandlerMethod(RequestMappingHandlerAdapter.java:895)\r\n\tat org.springframework.web.servlet.mvc.method.annotation.RequestMappingHandlerAdapter.handleInternal(RequestMappingHandlerAdapter.java:800)\r\n\tat org.springframework.web.servlet.mvc.method.AbstractHandlerMethodAdapter.handle(AbstractHandlerMethodAdapter.java:87)\r\n\tat org.springframework.web.servlet.DispatcherServlet.doDispatch(DispatcherServlet.java:1038)\r\n\tat org.springframework.web.servlet.DispatcherServlet.doService(DispatcherServlet.java:942)\r\n\tat org.springframework.web.servlet.FrameworkServlet.processRequest(FrameworkServlet.java:1005)\r\n\tat org.springframework.web.servlet.FrameworkServlet.doPost(FrameworkServlet.java:908)\r\n\tat javax.servlet.http.HttpServlet.service(HttpServlet.java:660)\r\n\tat org.springframework.web.servlet.FrameworkServlet.service(FrameworkServlet.java:882)\r\n\tat javax.servlet.http.HttpServlet.service(HttpServlet.java:741)\r\n\tat org.apache.catalina.core.ApplicationFilterChain.internalDoFilter(ApplicationFilterChain.java:231)\r\n\tat org.apache.catalina.core.ApplicationFilterChain.doFilter(ApplicationFilterChain.java:166)\r\n\tat org.apache.tomcat.websocket.server.WsFilter.doFilter(WsFilter.java:53)\r\n\tat org.apache.catalina.core.ApplicationFilterChain.internalDoFilter(ApplicationFilterChain.java:193)\r\n\tat org.apache.catalina.core.ApplicationFilterChain.doFilter(ApplicationFilterChain.java:166)\r\n\tat org.apache.shiro.web.servlet.ProxiedFilterChain.doFilter(ProxiedFilterChain.java:61)\r\n\tat org.apache.shiro.web.servlet.AdviceFilter.executeChain(AdviceFilter.java:108)\r\n\tat org.apache.shiro.web.servlet.AdviceFilter.doFilterInternal(AdviceFilter.java:137)\r\n\tat org.apache.shiro.web.servlet.OncePerRequestFilter.doFilter(OncePerRequestFilter.java:125)\r\n\tat org.apache.shiro.web.servlet.ProxiedFilterChain.doFilter(ProxiedFilterChain.java:66)\r\n\tat org.apache.shiro.web.servlet.AbstractShiroFilter.executeChain(AbstractShiroFilter.java:449)\r\n\tat org.apache.shiro.web.servlet.AbstractShiroFilterT1.call(AbstractShiroFilter.java:365)\r\n\tat org.apache.shiro.subject.support.SubjectCallable.doCall(SubjectCallable.java:90)\r\n\tat org.apache.shiro.subject.support.SubjectCallable.call(SubjectCallable.java:83)\r\n\tat org.apache.shiro.subject.support.DelegatingSubject.execute(DelegatingSubject.java:387)\r\n\tat org.apache.shiro.web.servlet.AbstractShiroFilter.doFilterInternal(AbstractShiroFilter.java:362)\r\n\tat org.apache.shiro.web.servlet.OncePerRequestFilter.doFilter(OncePerRequestFilter.java:125)\r\n\tat org.apache.catalina.core.ApplicationFilterChain.internalDoFilter(ApplicationFilterChain.java:193)\r\n\tat org.apache.catalina.core.ApplicationFilterChain.doFilter(ApplicationFilterChain.java:166)\r\n\tat cn.stylefeng.roses.core.xss.XssFilter.doFilter(XssFilter.java:31)\r\n\tat org.apache.catalina.core.ApplicationFilterChain.internalDoFilter(ApplicationFilterChain.java:193)\r\n\tat org.apache.catalina.core.ApplicationFilterChain.doFilter(ApplicationFilterChain.java:166)\r\n\tat com.alibaba.druid.support.http.WebStatFilter.doFilter(WebStatFilter.java:123)\r\n\tat org.apache.catalina.core.ApplicationFilterChain.internalDoFilter(ApplicationFilterChain.java:193)\r\n\tat org.apache.catalina.core.ApplicationFilterChain.doFilter(ApplicationFilterChain.java:166)\r\n\tat org.springframework.web.filter.RequestContextFilter.doFilterInternal(RequestContextFilter.java:99)\r\n\tat org.springframework.web.filter.OncePerRequestFilter.doFilter(OncePerRequestFilter.java:107)\r\n\tat org.apache.catalina.core.ApplicationFilterChain.internalDoFilter(ApplicationFilterChain.java:193)\r\n\tat org.apache.catalina.core.ApplicationFilterChain.doFilter(ApplicationFilterChain.java:166)\r\n\tat org.springframework.web.filter.FormContentFilter.doFilterInternal(FormContentFilter.java:92)\r\n\tat org.springframework.web.filter.OncePerRequestFilter.doFilter(OncePerRequestFilter.java:107)\r\n\tat org.apache.catalina.core.ApplicationFilterChain.internalDoFilter(ApplicationFilterChain.java:193)\r\n\tat org.apache.catalina.core.ApplicationFilterChain.doFilter(ApplicationFilterChain.java:166)\r\n\tat org.springframework.web.filter.HiddenHttpMethodFilter.doFilterInternal(HiddenHttpMethodFilter.java:93)\r\n\tat org.springframework.web.filter.OncePerRequestFilter.doFilter(OncePerRequestFilter.java:107)\r\n\tat org.apache.catalina.core.ApplicationFilterChain.internalDoFilter(ApplicationFilterChain.java:193)\r\n\tat org.apache.catalina.core.ApplicationFilterChain.doFilter(ApplicationFilterChain.java:166)\r\n\tat org.springframework.web.filter.CharacterEncodingFilter.doFilterInternal(CharacterEncodingFilter.java:200)\r\n\tat org.springframework.web.filter.OncePerRequestFilter.doFilter(OncePerRequestFilter.java:107)\r\n\tat org.apache.catalina.core.ApplicationFilterChain.internalDoFilter(ApplicationFilterChain.java:193)\r\n\tat org.apache.catalina.core.ApplicationFilterChain.doFilter(ApplicationFilterChain.java:166)\r\n\tat org.apache.catalina.core.StandardWrapperValve.invoke(StandardWrapperValve.java:199)\r\n\tat org.apache.catalina.core.StandardContextValve.invoke(StandardContextValve.java:96)\r\n\tat org.apache.catalina.authenticator.AuthenticatorBase.invoke(AuthenticatorBase.java:490)\r\n\tat org.apache.catalina.core.StandardHostValve.invoke(StandardHostValve.java:139)\r\n\tat org.apache.catalina.valves.ErrorReportValve.invoke(ErrorReportValve.java:92)\r\n\tat org.apache.catalina.core.StandardEngineValve.invoke(StandardEngineValve.java:74)\r\n\tat org.apache.catalina.connector.CoyoteAdapter.service(CoyoteAdapter.java:343)\r\n\tat org.apache.coyote.http11.Http11Processor.service(Http11Processor.java:408)\r\n\tat org.apache.coyote.AbstractProcessorLight.process(AbstractProcessorLight.java:66)\r\n\tat org.apache.coyote.AbstractProtocolTConnectionHandler.process(AbstractProtocol.java:791)\r\n\tat org.apache.tomcat.util.net.NioEndpointTSocketProcessor.doRun(NioEndpoint.java:1417)\r\n\tat org.apache.tomcat.util.net.SocketProcessorBase.run(SocketProcessorBase.java:49)\r\n\tat java.util.concurrent.ThreadPoolExecutor.runWorker(ThreadPoolExecutor.java:1142)\r\n\tat java.util.concurrent.ThreadPoolExecutorTWorker.run(ThreadPoolExecutor.java:617)\r\n\tat org.apache.tomcat.util.threads.TaskThreadTWrappingRunnable.run(TaskThread.java:61)\r\n\tat java.lang.Thread.run(Thread.java:745)\r\n'),(1104566098747039746,'异常日志','',1102084980902801410,NULL,NULL,'2019-03-10 10:14:14','失败','cn.stylefeng.roses.kernel.model.exception.ServiceException: 不能冻结超级管理员\r\n\tat cn.stylefeng.guns.modular.system.controller.UserMgrController.freeze(UserMgrController.java:311)\r\n\tat cn.stylefeng.guns.modular.system.controller.UserMgrControllerTTFastClassBySpringCGLIBTT7c4c2edf.invoke(<generated>)\r\n\tat org.springframework.cglib.proxy.MethodProxy.invoke(MethodProxy.java:218)\r\n\tat org.springframework.aop.framework.CglibAopProxyTCglibMethodInvocation.invokeJoinpoint(CglibAopProxy.java:749)\r\n\tat org.springframework.aop.framework.ReflectiveMethodInvocation.proceed(ReflectiveMethodInvocation.java:163)\r\n\tat org.springframework.aop.aspectj.MethodInvocationProceedingJoinPoint.proceed(MethodInvocationProceedingJoinPoint.java:88)\r\n\tat cn.stylefeng.guns.core.interceptor.SessionHolderInterceptor.sessionKit(SessionHolderInterceptor.java:44)\r\n\tat sun.reflect.GeneratedMethodAccessor94.invoke(Unknown Source)\r\n\tat sun.reflect.DelegatingMethodAccessorImpl.invoke(DelegatingMethodAccessorImpl.java:43)\r\n\tat java.lang.reflect.Method.invoke(Method.java:483)\r\n\tat org.springframework.aop.aspectj.AbstractAspectJAdvice.invokeAdviceMethodWithGivenArgs(AbstractAspectJAdvice.java:644)\r\n\tat org.springframework.aop.aspectj.AbstractAspectJAdvice.invokeAdviceMethod(AbstractAspectJAdvice.java:633)\r\n\tat org.springframework.aop.aspectj.AspectJAroundAdvice.invoke(AspectJAroundAdvice.java:70)\r\n\tat org.springframework.aop.framework.ReflectiveMethodInvocation.proceed(ReflectiveMethodInvocation.java:186)\r\n\tat org.springframework.aop.aspectj.MethodInvocationProceedingJoinPoint.proceed(MethodInvocationProceedingJoinPoint.java:88)\r\n\tat cn.stylefeng.guns.core.aop.LogAop.recordSysLog(LogAop.java:60)\r\n\tat sun.reflect.NativeMethodAccessorImpl.invoke0(Native Method)\r\n\tat sun.reflect.NativeMethodAccessorImpl.invoke(NativeMethodAccessorImpl.java:62)\r\n\tat sun.reflect.DelegatingMethodAccessorImpl.invoke(DelegatingMethodAccessorImpl.java:43)\r\n\tat java.lang.reflect.Method.invoke(Method.java:483)\r\n\tat org.springframework.aop.aspectj.AbstractAspectJAdvice.invokeAdviceMethodWithGivenArgs(AbstractAspectJAdvice.java:644)\r\n\tat org.springframework.aop.aspectj.AbstractAspectJAdvice.invokeAdviceMethod(AbstractAspectJAdvice.java:633)\r\n\tat org.springframework.aop.aspectj.AspectJAroundAdvice.invoke(AspectJAroundAdvice.java:70)\r\n\tat org.springframework.aop.framework.ReflectiveMethodInvocation.proceed(ReflectiveMethodInvocation.java:175)\r\n\tat org.springframework.aop.aspectj.MethodInvocationProceedingJoinPoint.proceed(MethodInvocationProceedingJoinPoint.java:88)\r\n\tat cn.stylefeng.guns.core.aop.PermissionAop.doPermission(PermissionAop.java:72)\r\n\tat sun.reflect.NativeMethodAccessorImpl.invoke0(Native Method)\r\n\tat sun.reflect.NativeMethodAccessorImpl.invoke(NativeMethodAccessorImpl.java:62)\r\n\tat sun.reflect.DelegatingMethodAccessorImpl.invoke(DelegatingMethodAccessorImpl.java:43)\r\n\tat java.lang.reflect.Method.invoke(Method.java:483)\r\n\tat org.springframework.aop.aspectj.AbstractAspectJAdvice.invokeAdviceMethodWithGivenArgs(AbstractAspectJAdvice.java:644)\r\n\tat org.springframework.aop.aspectj.AbstractAspectJAdvice.invokeAdviceMethod(AbstractAspectJAdvice.java:633)\r\n\tat org.springframework.aop.aspectj.AspectJAroundAdvice.invoke(AspectJAroundAdvice.java:70)\r\n\tat org.springframework.aop.framework.ReflectiveMethodInvocation.proceed(ReflectiveMethodInvocation.java:175)\r\n\tat org.springframework.aop.interceptor.ExposeInvocationInterceptor.invoke(ExposeInvocationInterceptor.java:93)\r\n\tat org.springframework.aop.framework.ReflectiveMethodInvocation.proceed(ReflectiveMethodInvocation.java:186)\r\n\tat org.springframework.aop.framework.CglibAopProxyTDynamicAdvisedInterceptor.intercept(CglibAopProxy.java:688)\r\n\tat cn.stylefeng.guns.modular.system.controller.UserMgrControllerTTEnhancerBySpringCGLIBTT5046375c.freeze(<generated>)\r\n\tat sun.reflect.NativeMethodAccessorImpl.invoke0(Native Method)\r\n\tat sun.reflect.NativeMethodAccessorImpl.invoke(NativeMethodAccessorImpl.java:62)\r\n\tat sun.reflect.DelegatingMethodAccessorImpl.invoke(DelegatingMethodAccessorImpl.java:43)\r\n\tat java.lang.reflect.Method.invoke(Method.java:483)\r\n\tat org.springframework.web.method.support.InvocableHandlerMethod.doInvoke(InvocableHandlerMethod.java:189)\r\n\tat org.springframework.web.method.support.InvocableHandlerMethod.invokeForRequest(InvocableHandlerMethod.java:138)\r\n\tat org.springframework.web.servlet.mvc.method.annotation.ServletInvocableHandlerMethod.invokeAndHandle(ServletInvocableHandlerMethod.java:102)\r\n\tat org.springframework.web.servlet.mvc.method.annotation.RequestMappingHandlerAdapter.invokeHandlerMethod(RequestMappingHandlerAdapter.java:895)\r\n\tat org.springframework.web.servlet.mvc.method.annotation.RequestMappingHandlerAdapter.handleInternal(RequestMappingHandlerAdapter.java:800)\r\n\tat org.springframework.web.servlet.mvc.method.AbstractHandlerMethodAdapter.handle(AbstractHandlerMethodAdapter.java:87)\r\n\tat org.springframework.web.servlet.DispatcherServlet.doDispatch(DispatcherServlet.java:1038)\r\n\tat org.springframework.web.servlet.DispatcherServlet.doService(DispatcherServlet.java:942)\r\n\tat org.springframework.web.servlet.FrameworkServlet.processRequest(FrameworkServlet.java:1005)\r\n\tat org.springframework.web.servlet.FrameworkServlet.doPost(FrameworkServlet.java:908)\r\n\tat javax.servlet.http.HttpServlet.service(HttpServlet.java:660)\r\n\tat org.springframework.web.servlet.FrameworkServlet.service(FrameworkServlet.java:882)\r\n\tat javax.servlet.http.HttpServlet.service(HttpServlet.java:741)\r\n\tat org.apache.catalina.core.ApplicationFilterChain.internalDoFilter(ApplicationFilterChain.java:231)\r\n\tat org.apache.catalina.core.ApplicationFilterChain.doFilter(ApplicationFilterChain.java:166)\r\n\tat org.apache.tomcat.websocket.server.WsFilter.doFilter(WsFilter.java:53)\r\n\tat org.apache.catalina.core.ApplicationFilterChain.internalDoFilter(ApplicationFilterChain.java:193)\r\n\tat org.apache.catalina.core.ApplicationFilterChain.doFilter(ApplicationFilterChain.java:166)\r\n\tat org.apache.shiro.web.servlet.ProxiedFilterChain.doFilter(ProxiedFilterChain.java:61)\r\n\tat org.apache.shiro.web.servlet.AdviceFilter.executeChain(AdviceFilter.java:108)\r\n\tat org.apache.shiro.web.servlet.AdviceFilter.doFilterInternal(AdviceFilter.java:137)\r\n\tat org.apache.shiro.web.servlet.OncePerRequestFilter.doFilter(OncePerRequestFilter.java:125)\r\n\tat org.apache.shiro.web.servlet.ProxiedFilterChain.doFilter(ProxiedFilterChain.java:66)\r\n\tat org.apache.shiro.web.servlet.AbstractShiroFilter.executeChain(AbstractShiroFilter.java:449)\r\n\tat org.apache.shiro.web.servlet.AbstractShiroFilterT1.call(AbstractShiroFilter.java:365)\r\n\tat org.apache.shiro.subject.support.SubjectCallable.doCall(SubjectCallable.java:90)\r\n\tat org.apache.shiro.subject.support.SubjectCallable.call(SubjectCallable.java:83)\r\n\tat org.apache.shiro.subject.support.DelegatingSubject.execute(DelegatingSubject.java:387)\r\n\tat org.apache.shiro.web.servlet.AbstractShiroFilter.doFilterInternal(AbstractShiroFilter.java:362)\r\n\tat org.apache.shiro.web.servlet.OncePerRequestFilter.doFilter(OncePerRequestFilter.java:125)\r\n\tat org.apache.catalina.core.ApplicationFilterChain.internalDoFilter(ApplicationFilterChain.java:193)\r\n\tat org.apache.catalina.core.ApplicationFilterChain.doFilter(ApplicationFilterChain.java:166)\r\n\tat cn.stylefeng.roses.core.xss.XssFilter.doFilter(XssFilter.java:31)\r\n\tat org.apache.catalina.core.ApplicationFilterChain.internalDoFilter(ApplicationFilterChain.java:193)\r\n\tat org.apache.catalina.core.ApplicationFilterChain.doFilter(ApplicationFilterChain.java:166)\r\n\tat com.alibaba.druid.support.http.WebStatFilter.doFilter(WebStatFilter.java:123)\r\n\tat org.apache.catalina.core.ApplicationFilterChain.internalDoFilter(ApplicationFilterChain.java:193)\r\n\tat org.apache.catalina.core.ApplicationFilterChain.doFilter(ApplicationFilterChain.java:166)\r\n\tat org.springframework.web.filter.RequestContextFilter.doFilterInternal(RequestContextFilter.java:99)\r\n\tat org.springframework.web.filter.OncePerRequestFilter.doFilter(OncePerRequestFilter.java:107)\r\n\tat org.apache.catalina.core.ApplicationFilterChain.internalDoFilter(ApplicationFilterChain.java:193)\r\n\tat org.apache.catalina.core.ApplicationFilterChain.doFilter(ApplicationFilterChain.java:166)\r\n\tat org.springframework.web.filter.FormContentFilter.doFilterInternal(FormContentFilter.java:92)\r\n\tat org.springframework.web.filter.OncePerRequestFilter.doFilter(OncePerRequestFilter.java:107)\r\n\tat org.apache.catalina.core.ApplicationFilterChain.internalDoFilter(ApplicationFilterChain.java:193)\r\n\tat org.apache.catalina.core.ApplicationFilterChain.doFilter(ApplicationFilterChain.java:166)\r\n\tat org.springframework.web.filter.HiddenHttpMethodFilter.doFilterInternal(HiddenHttpMethodFilter.java:93)\r\n\tat org.springframework.web.filter.OncePerRequestFilter.doFilter(OncePerRequestFilter.java:107)\r\n\tat org.apache.catalina.core.ApplicationFilterChain.internalDoFilter(ApplicationFilterChain.java:193)\r\n\tat org.apache.catalina.core.ApplicationFilterChain.doFilter(ApplicationFilterChain.java:166)\r\n\tat org.springframework.web.filter.CharacterEncodingFilter.doFilterInternal(CharacterEncodingFilter.java:200)\r\n\tat org.springframework.web.filter.OncePerRequestFilter.doFilter(OncePerRequestFilter.java:107)\r\n\tat org.apache.catalina.core.ApplicationFilterChain.internalDoFilter(ApplicationFilterChain.java:193)\r\n\tat org.apache.catalina.core.ApplicationFilterChain.doFilter(ApplicationFilterChain.java:166)\r\n\tat org.apache.catalina.core.StandardWrapperValve.invoke(StandardWrapperValve.java:199)\r\n\tat org.apache.catalina.core.StandardContextValve.invoke(StandardContextValve.java:96)\r\n\tat org.apache.catalina.authenticator.AuthenticatorBase.invoke(AuthenticatorBase.java:490)\r\n\tat org.apache.catalina.core.StandardHostValve.invoke(StandardHostValve.java:139)\r\n\tat org.apache.catalina.valves.ErrorReportValve.invoke(ErrorReportValve.java:92)\r\n\tat org.apache.catalina.core.StandardEngineValve.invoke(StandardEngineValve.java:74)\r\n\tat org.apache.catalina.connector.CoyoteAdapter.service(CoyoteAdapter.java:343)\r\n\tat org.apache.coyote.http11.Http11Processor.service(Http11Processor.java:408)\r\n\tat org.apache.coyote.AbstractProcessorLight.process(AbstractProcessorLight.java:66)\r\n\tat org.apache.coyote.AbstractProtocolTConnectionHandler.process(AbstractProtocol.java:791)\r\n\tat org.apache.tomcat.util.net.NioEndpointTSocketProcessor.doRun(NioEndpoint.java:1417)\r\n\tat org.apache.tomcat.util.net.SocketProcessorBase.run(SocketProcessorBase.java:49)\r\n\tat java.util.concurrent.ThreadPoolExecutor.runWorker(ThreadPoolExecutor.java:1142)\r\n\tat java.util.concurrent.ThreadPoolExecutorTWorker.run(ThreadPoolExecutor.java:617)\r\n\tat org.apache.tomcat.util.threads.TaskThreadTWrappingRunnable.run(TaskThread.java:61)\r\n\tat java.lang.Thread.run(Thread.java:745)\r\n'),(1111218720723804162,'业务日志','菜单新增',1102084980902801410,'cn.stylefeng.guns.modular.system.controller.MenuController','add','2019-03-28 18:49:23','成功','菜单名称=预警通知'),(1111219472833814529,'业务日志','菜单新增',1102084980902801410,'cn.stylefeng.guns.modular.system.controller.MenuController','add','2019-03-28 18:52:22','成功','菜单名称=设备报警'),(1111219529498861569,'业务日志','修改菜单',1102084980902801410,'cn.stylefeng.guns.modular.system.controller.MenuController','edit','2019-03-28 18:52:36','成功','菜单名称=预警通知;;;字段名称:url地址,旧值:/mainbox/Inbox,新值:#'),(1111219605059248130,'业务日志','修改菜单',1102084980902801410,'cn.stylefeng.guns.modular.system.controller.MenuController','edit','2019-03-28 18:52:54','成功','菜单名称=设备报警;;;字段名称:url地址,旧值:mailbox/Inbox,新值:/mailbox/Inbox'),(1111233142000500737,'异常日志','',1102084980902801410,NULL,NULL,'2019-03-28 19:46:41','失败','org.mybatis.spring.MyBatisSystemException: nested exception is org.apache.ibatis.binding.BindingException: Parameter \'mail_position\' not found. Available parameters are [search, arg1, param1, param2]\n\tat org.mybatis.spring.MyBatisExceptionTranslator.translateExceptionIfPossible(MyBatisExceptionTranslator.java:77)\n\tat org.mybatis.spring.SqlSessionTemplateTSqlSessionInterceptor.invoke(SqlSessionTemplate.java:446)\n\tat com.sun.proxy.TProxy101.selectList(Unknown Source)\n\tat org.mybatis.spring.SqlSessionTemplate.selectList(SqlSessionTemplate.java:230)\n\tat com.baomidou.mybatisplus.core.override.PageMapperMethod.executeForMany(PageMapperMethod.java:173)\n\tat com.baomidou.mybatisplus.core.override.PageMapperMethod.execute(PageMapperMethod.java:86)\n\tat com.baomidou.mybatisplus.core.override.PageMapperProxy.invoke(PageMapperProxy.java:64)\n\tat com.sun.proxy.TProxy118.search(Unknown Source)\n\tat cn.stylefeng.guns.modular.system.service.impl.YjboxServiceImpl.search(YjboxServiceImpl.java:57)\n\tat cn.stylefeng.guns.modular.system.service.impl.YjboxServiceImplTTFastClassBySpringCGLIBTT69f92ea8.invoke(<generated>)\n\tat org.springframework.cglib.proxy.MethodProxy.invoke(MethodProxy.java:218)\n\tat org.springframework.aop.framework.CglibAopProxyTCglibMethodInvocation.invokeJoinpoint(CglibAopProxy.java:749)\n\tat org.springframework.aop.framework.ReflectiveMethodInvocation.proceed(ReflectiveMethodInvocation.java:163)\n\tat com.alibaba.druid.support.spring.stat.DruidStatInterceptor.invoke(DruidStatInterceptor.java:72)\n\tat org.springframework.aop.framework.ReflectiveMethodInvocation.proceed(ReflectiveMethodInvocation.java:186)\n\tat org.springframework.aop.framework.CglibAopProxyTDynamicAdvisedInterceptor.intercept(CglibAopProxy.java:688)\n\tat cn.stylefeng.guns.modular.system.service.impl.YjboxServiceImplTTEnhancerBySpringCGLIBTT3d26146b.search(<generated>)\n\tat cn.stylefeng.guns.modular.system.controller.YjboxController.search(YjboxController.java:54)\n\tat cn.stylefeng.guns.modular.system.controller.YjboxControllerTTFastClassBySpringCGLIBTTee1b3eec.invoke(<generated>)\n\tat org.springframework.cglib.proxy.MethodProxy.invoke(MethodProxy.java:218)\n\tat org.springframework.aop.framework.CglibAopProxyTCglibMethodInvocation.invokeJoinpoint(CglibAopProxy.java:749)\n\tat org.springframework.aop.framework.ReflectiveMethodInvocation.proceed(ReflectiveMethodInvocation.java:163)\n\tat org.springframework.aop.aspectj.MethodInvocationProceedingJoinPoint.proceed(MethodInvocationProceedingJoinPoint.java:88)\n\tat cn.stylefeng.guns.core.interceptor.SessionHolderInterceptor.sessionKit(SessionHolderInterceptor.java:44)\n\tat sun.reflect.NativeMethodAccessorImpl.invoke0(Native Method)\n\tat sun.reflect.NativeMethodAccessorImpl.invoke(NativeMethodAccessorImpl.java:62)\n\tat sun.reflect.DelegatingMethodAccessorImpl.invoke(DelegatingMethodAccessorImpl.java:43)\n\tat java.lang.reflect.Method.invoke(Method.java:498)\n\tat org.springframework.aop.aspectj.AbstractAspectJAdvice.invokeAdviceMethodWithGivenArgs(AbstractAspectJAdvice.java:644)\n\tat org.springframework.aop.aspectj.AbstractAspectJAdvice.invokeAdviceMethod(AbstractAspectJAdvice.java:633)\n\tat org.springframework.aop.aspectj.AspectJAroundAdvice.invoke(AspectJAroundAdvice.java:70)\n\tat org.springframework.aop.framework.ReflectiveMethodInvocation.proceed(ReflectiveMethodInvocation.java:186)\n\tat org.springframework.aop.interceptor.ExposeInvocationInterceptor.invoke(ExposeInvocationInterceptor.java:93)\n\tat org.springframework.aop.framework.ReflectiveMethodInvocation.proceed(ReflectiveMethodInvocation.java:186)\n\tat org.springframework.aop.framework.CglibAopProxyTDynamicAdvisedInterceptor.intercept(CglibAopProxy.java:688)\n\tat cn.stylefeng.guns.modular.system.controller.YjboxControllerTTEnhancerBySpringCGLIBTT2e3f1048.search(<generated>)\n\tat sun.reflect.NativeMethodAccessorImpl.invoke0(Native Method)\n\tat sun.reflect.NativeMethodAccessorImpl.invoke(NativeMethodAccessorImpl.java:62)\n\tat sun.reflect.DelegatingMethodAccessorImpl.invoke(DelegatingMethodAccessorImpl.java:43)\n\tat java.lang.reflect.Method.invoke(Method.java:498)\n\tat org.springframework.web.method.support.InvocableHandlerMethod.doInvoke(InvocableHandlerMethod.java:189)\n\tat org.springframework.web.method.support.InvocableHandlerMethod.invokeForRequest(InvocableHandlerMethod.java:138)\n\tat org.springframework.web.servlet.mvc.method.annotation.ServletInvocableHandlerMethod.invokeAndHandle(ServletInvocableHandlerMethod.java:102)\n\tat org.springframework.web.servlet.mvc.method.annotation.RequestMappingHandlerAdapter.invokeHandlerMethod(RequestMappingHandlerAdapter.java:895)\n\tat org.springframework.web.servlet.mvc.method.annotation.RequestMappingHandlerAdapter.handleInternal(RequestMappingHandlerAdapter.java:800)\n\tat org.springframework.web.servlet.mvc.method.AbstractHandlerMethodAdapter.handle(AbstractHandlerMethodAdapter.java:87)\n\tat org.springframework.web.servlet.DispatcherServlet.doDispatch(DispatcherServlet.java:1038)\n\tat org.springframework.web.servlet.DispatcherServlet.doService(DispatcherServlet.java:942)\n\tat org.springframework.web.servlet.FrameworkServlet.processRequest(FrameworkServlet.java:1005)\n\tat org.springframework.web.servlet.FrameworkServlet.doPost(FrameworkServlet.java:908)\n\tat javax.servlet.http.HttpServlet.service(HttpServlet.java:660)\n\tat org.springframework.web.servlet.FrameworkServlet.service(FrameworkServlet.java:882)\n\tat javax.servlet.http.HttpServlet.service(HttpServlet.java:741)\n\tat org.apache.catalina.core.ApplicationFilterChain.internalDoFilter(ApplicationFilterChain.java:231)\n\tat org.apache.catalina.core.ApplicationFilterChain.doFilter(ApplicationFilterChain.java:166)\n\tat org.apache.tomcat.websocket.server.WsFilter.doFilter(WsFilter.java:53)\n\tat org.apache.catalina.core.ApplicationFilterChain.internalDoFilter(ApplicationFilterChain.java:193)\n\tat org.apache.catalina.core.ApplicationFilterChain.doFilter(ApplicationFilterChain.java:166)\n\tat org.apache.shiro.web.servlet.ProxiedFilterChain.doFilter(ProxiedFilterChain.java:61)\n\tat org.apache.shiro.web.servlet.AdviceFilter.executeChain(AdviceFilter.java:108)\n\tat org.apache.shiro.web.servlet.AdviceFilter.doFilterInternal(AdviceFilter.java:137)\n\tat org.apache.shiro.web.servlet.OncePerRequestFilter.doFilter(OncePerRequestFilter.java:125)\n\tat org.apache.shiro.web.servlet.ProxiedFilterChain.doFilter(ProxiedFilterChain.java:66)\n\tat org.apache.shiro.web.servlet.AbstractShiroFilter.executeChain(AbstractShiroFilter.java:449)\n\tat org.apache.shiro.web.servlet.AbstractShiroFilterT1.call(AbstractShiroFilter.java:365)\n\tat org.apache.shiro.subject.support.SubjectCallable.doCall(SubjectCallable.java:90)\n\tat org.apache.shiro.subject.support.SubjectCallable.call(SubjectCallable.java:83)\n\tat org.apache.shiro.subject.support.DelegatingSubject.execute(DelegatingSubject.java:387)\n\tat org.apache.shiro.web.servlet.AbstractShiroFilter.doFilterInternal(AbstractShiroFilter.java:362)\n\tat org.apache.shiro.web.servlet.OncePerRequestFilter.doFilter(OncePerRequestFilter.java:125)\n\tat org.apache.catalina.core.ApplicationFilterChain.internalDoFilter(ApplicationFilterChain.java:193)\n\tat org.apache.catalina.core.ApplicationFilterChain.doFilter(ApplicationFilterChain.java:166)\n\tat cn.stylefeng.roses.core.xss.XssFilter.doFilter(XssFilter.java:31)\n\tat org.apache.catalina.core.ApplicationFilterChain.internalDoFilter(ApplicationFilterChain.java:193)\n\tat org.apache.catalina.core.ApplicationFilterChain.doFilter(ApplicationFilterChain.java:166)\n\tat com.alibaba.druid.support.http.WebStatFilter.doFilter(WebStatFilter.java:123)\n\tat org.apache.catalina.core.ApplicationFilterChain.internalDoFilter(ApplicationFilterChain.java:193)\n\tat org.apache.catalina.core.ApplicationFilterChain.doFilter(ApplicationFilterChain.java:166)\n\tat org.springframework.web.filter.RequestContextFilter.doFilterInternal(RequestContextFilter.java:99)\n\tat org.springframework.web.filter.OncePerRequestFilter.doFilter(OncePerRequestFilter.java:107)\n\tat org.apache.catalina.core.ApplicationFilterChain.internalDoFilter(ApplicationFilterChain.java:193)\n\tat org.apache.catalina.core.ApplicationFilterChain.doFilter(ApplicationFilterChain.java:166)\n\tat org.springframework.web.filter.FormContentFilter.doFilterInternal(FormContentFilter.java:92)\n\tat org.springframework.web.filter.OncePerRequestFilter.doFilter(OncePerRequestFilter.java:107)\n\tat org.apache.catalina.core.ApplicationFilterChain.internalDoFilter(ApplicationFilterChain.java:193)\n\tat org.apache.catalina.core.ApplicationFilterChain.doFilter(ApplicationFilterChain.java:166)\n\tat org.springframework.web.filter.HiddenHttpMethodFilter.doFilterInternal(HiddenHttpMethodFilter.java:93)\n\tat org.springframework.web.filter.OncePerRequestFilter.doFilter(OncePerRequestFilter.java:107)\n\tat org.apache.catalina.core.ApplicationFilterChain.internalDoFilter(ApplicationFilterChain.java:193)\n\tat org.apache.catalina.core.ApplicationFilterChain.doFilter(ApplicationFilterChain.java:166)\n\tat org.springframework.web.filter.CharacterEncodingFilter.doFilterInternal(CharacterEncodingFilter.java:200)\n\tat org.springframework.web.filter.OncePerRequestFilter.doFilter(OncePerRequestFilter.java:107)\n\tat org.apache.catalina.core.ApplicationFilterChain.internalDoFilter(ApplicationFilterChain.java:193)\n\tat org.apache.catalina.core.ApplicationFilterChain.doFilter(ApplicationFilterChain.java:166)\n\tat org.apache.catalina.core.StandardWrapperValve.invoke(StandardWrapperValve.java:199)\n\tat org.apache.catalina.core.StandardContextValve.invoke(StandardContextValve.java:96)\n\tat org.apache.catalina.authenticator.AuthenticatorBase.invoke(AuthenticatorBase.java:490)\n\tat org.apache.catalina.core.StandardHostValve.invoke(StandardHostValve.java:139)\n\tat org.apache.catalina.valves.ErrorReportValve.invoke(ErrorReportValve.java:92)\n\tat org.apache.catalina.core.StandardEngineValve.invoke(StandardEngineValve.java:74)\n\tat org.apache.catalina.connector.CoyoteAdapter.service(CoyoteAdapter.java:343)\n\tat org.apache.coyote.http11.Http11Processor.service(Http11Processor.java:408)\n\tat org.apache.coyote.AbstractProcessorLight.process(AbstractProcessorLight.java:66)\n\tat org.apache.coyote.AbstractProtocolTConnectionHandler.process(AbstractProtocol.java:791)\n\tat org.apache.tomcat.util.net.NioEndpointTSocketProcessor.doRun(NioEndpoint.java:1417)\n\tat org.apache.tomcat.util.net.SocketProcessorBase.run(SocketProcessorBase.java:49)\n\tat java.util.concurrent.ThreadPoolExecutor.runWorker(ThreadPoolExecutor.java:1149)\n\tat java.util.concurrent.ThreadPoolExecutorTWorker.run(ThreadPoolExecutor.java:624)\n\tat org.apache.tomcat.util.threads.TaskThreadTWrappingRunnable.run(TaskThread.java:61)\n\tat java.lang.Thread.run(Thread.java:748)\nCaused by: org.apache.ibatis.binding.BindingException: Parameter \'mail_position\' not found. Available parameters are [search, arg1, param1, param2]\n\tat org.apache.ibatis.binding.MapperMethodTParamMap.get(MapperMethod.java:204)\n\tat org.apache.ibatis.reflection.wrapper.MapWrapper.get(MapWrapper.java:45)\n\tat org.apache.ibatis.reflection.MetaObject.getValue(MetaObject.java:122)\n\tat org.apache.ibatis.executor.BaseExecutor.createCacheKey(BaseExecutor.java:219)\n\tat org.apache.ibatis.executor.CachingExecutor.createCacheKey(CachingExecutor.java:146)\n\tat org.apache.ibatis.executor.CachingExecutor.query(CachingExecutor.java:82)\n\tat sun.reflect.NativeMethodAccessorImpl.invoke0(Native Method)\n\tat sun.reflect.NativeMethodAccessorImpl.invoke(NativeMethodAccessorImpl.java:62)\n\tat sun.reflect.DelegatingMethodAccessorImpl.invoke(DelegatingMethodAccessorImpl.java:43)\n\tat java.lang.reflect.Method.invoke(Method.java:498)\n\tat org.apache.ibatis.plugin.Plugin.invoke(Plugin.java:63)\n\tat com.sun.proxy.TProxy128.query(Unknown Source)\n\tat org.apache.ibatis.session.defaults.DefaultSqlSession.selectList(DefaultSqlSession.java:148)\n\tat org.apache.ibatis.session.defaults.DefaultSqlSession.selectList(DefaultSqlSession.java:141)\n\tat sun.reflect.NativeMethodAccessorImpl.invoke0(Native Method)\n\tat sun.reflect.NativeMethodAccessorImpl.invoke(NativeMethodAccessorImpl.java:62)\n\tat sun.reflect.DelegatingMethodAccessorImpl.invoke(DelegatingMethodAccessorImpl.java:43)\n\tat java.lang.reflect.Method.invoke(Method.java:498)\n\tat org.mybatis.spring.SqlSessionTemplateTSqlSessionInterceptor.invoke(SqlSessionTemplate.java:433)\n\t... 108 more\n');

#
# Structure for table "sys_relation"
#

CREATE TABLE `sys_relation` (
  `RELATION_ID` bigint(20) NOT NULL COMMENT '主键',
  `MENU_ID` bigint(20) DEFAULT NULL COMMENT '菜单id',
  `ROLE_ID` bigint(20) DEFAULT NULL COMMENT '角色id',
  PRIMARY KEY (`RELATION_ID`) USING BTREE
) ENGINE=InnoDB DEFAULT CHARSET=utf8 ROW_FORMAT=DYNAMIC COMMENT='角色和菜单关联表';

#
# Data for table "sys_relation"
#

INSERT INTO `sys_relation` VALUES (1104564076691136513,105,5),(1104564076720496641,106,5),(1104564076741468161,167,5),(1104564076770828289,114,5),(1104564076779216898,164,5),(1104564076787605505,119,5),(1104564076804382721,151,5),(1104564076812771330,128,5),(1104564076896657409,158,5),(1104564077022486529,159,5),(1104564077039263746,130,5),(1104564077051846658,131,5),(1104564077110566913,153,5),(1104564077123149826,154,5),(1104564077139927042,132,5),(1104564077190258689,156,5),(1104564077248978945,157,5),(1104564077261561858,133,5),(1104564077278339073,161,5),(1104564077299310593,141,5),(1104564077320282114,142,5),(1111219701956059138,105,1),(1111219702417432578,106,1),(1111219702807502850,107,1),(1111219703268876289,108,1),(1111219703751221249,109,1),(1111219704267120641,110,1),(1111219704757854210,111,1),(1111219705261170689,112,1),(1111219705848373250,113,1),(1111219706326523906,165,1),(1111219706779508738,166,1),(1111219707274436610,167,1),(1111219707773558785,114,1),(1111219708281069570,115,1),(1111219708788580353,116,1),(1111219709296091138,117,1),(1111219709874905090,118,1),(1111219710348861442,162,1),(1111219710843789314,163,1),(1111219711464546306,164,1),(1111219711980445697,119,1),(1111219712471179266,120,1),(1111219712982884354,121,1),(1111219713482006530,122,1),(1111219714106957825,150,1),(1111219714673188865,151,1),(1111219715163922433,128,1),(1111219715663044610,134,1),(1111219716166361090,158,1),(1111219716665483266,159,1),(1111219717185576961,130,1),(1111219717680504833,131,1),(1111219718263513089,135,1),(1111219718745858049,136,1),(1111219719232397313,137,1),(1111219719731519489,152,1),(1111219720192892930,153,1),(1111219720696209409,154,1),(1111219721195331586,132,1),(1111219721698648065,138,1),(1111219722206158850,139,1),(1111219722713669634,140,1),(1111219723216986114,155,1),(1111219723716108290,156,1),(1111219724219424770,157,1),(1111219724718546945,133,1),(1111219725221863425,160,1),(1111219725779705858,161,1),(1111219726404657154,141,1),(1111219726907973634,142,1),(1111219727411290114,143,1),(1111219727910412289,144,1),(1111219728292093954,171,1),(1111219728816381954,149,1),(1111219729260978177,172,1),(1111219729760100354,145,1),(1111219730313748482,1102086867844673538,1),(1111219730926116866,1102498283428818946,1),(1111219731483959297,1104563698935341057,1),(1111219731936944129,1111218719125774338,1),(1111219732318625793,1111219471575523329,1);

#
# Structure for table "sys_role"
#

CREATE TABLE `sys_role` (
  `ROLE_ID` bigint(20) NOT NULL AUTO_INCREMENT COMMENT '主键id',
  `PID` bigint(20) DEFAULT NULL COMMENT '父角色id',
  `NAME` varchar(255) DEFAULT NULL COMMENT '角色名称',
  `DESCRIPTION` varchar(255) DEFAULT NULL COMMENT '提示',
  `SORT` int(11) DEFAULT NULL COMMENT '序号',
  `VERSION` int(11) DEFAULT NULL COMMENT '乐观锁',
  `CREATE_TIME` datetime DEFAULT NULL COMMENT '创建时间',
  `UPDATE_TIME` datetime DEFAULT NULL COMMENT '修改时间',
  `CREATE_USER` bigint(20) DEFAULT NULL COMMENT '创建用户',
  `UPDATE_USER` bigint(20) DEFAULT NULL COMMENT '修改用户',
  PRIMARY KEY (`ROLE_ID`) USING BTREE
) ENGINE=InnoDB AUTO_INCREMENT=6 DEFAULT CHARSET=utf8 ROW_FORMAT=DYNAMIC COMMENT='角色表';

#
# Data for table "sys_role"
#

INSERT INTO `sys_role` VALUES (1,0,'超级管理员','administrator',1,1,NULL,NULL,NULL,NULL),(5,1,'临时','temp',2,NULL,NULL,NULL,NULL,NULL);

#
# Structure for table "sys_user"
#

CREATE TABLE `sys_user` (
  `USER_ID` bigint(20) NOT NULL COMMENT '主键id',
  `AVATAR` varchar(255) DEFAULT NULL COMMENT '头像',
  `ACCOUNT` varchar(45) DEFAULT NULL COMMENT '账号',
  `PASSWORD` varchar(45) DEFAULT NULL COMMENT '密码',
  `SALT` varchar(45) DEFAULT NULL COMMENT 'md5密码盐',
  `NAME` varchar(45) DEFAULT NULL COMMENT '名字',
  `BIRTHDAY` datetime DEFAULT NULL COMMENT '生日',
  `SEX` varchar(32) DEFAULT NULL COMMENT '性别(字典)',
  `EMAIL` varchar(45) DEFAULT NULL COMMENT '电子邮件',
  `PHONE` varchar(45) DEFAULT NULL COMMENT '电话',
  `ROLE_ID` varchar(255) DEFAULT NULL COMMENT '角色id(多个逗号隔开)',
  `DEPT_ID` bigint(20) DEFAULT NULL COMMENT '部门id(多个逗号隔开)',
  `STATUS` varchar(32) DEFAULT NULL COMMENT '状态(字典)',
  `CREATE_TIME` datetime DEFAULT NULL COMMENT '创建时间',
  `CREATE_USER` bigint(20) DEFAULT NULL COMMENT '创建人',
  `UPDATE_TIME` datetime DEFAULT NULL COMMENT '更新时间',
  `UPDATE_USER` bigint(20) DEFAULT NULL COMMENT '更新人',
  `VERSION` int(11) DEFAULT NULL COMMENT '乐观锁',
  PRIMARY KEY (`USER_ID`) USING BTREE
) ENGINE=InnoDB DEFAULT CHARSET=utf8 ROW_FORMAT=DYNAMIC COMMENT='管理员表';

#
# Data for table "sys_user"
#

INSERT INTO `sys_user` VALUES (1,'1','admin','5780b3bfed59bb7606dbeff4643b2437','yy20z','刘衍斌','2018-11-16 00:00:00','M','2018214546@qq.com','17674063329','1',27,'ENABLE','2016-01-29 08:49:53',NULL,'2019-03-10 10:14:19',24,25),(1102084980902801410,NULL,'Ljolan','6c10558886b356d25b6aa481bc526c13','zgom2','刘衍斌','1998-12-25 00:00:00','M','2018214546@qq.com','17674063329','1',25,'ENABLE','2019-03-03 13:55:10',1,NULL,NULL,NULL);

#
# Structure for table "tb_equipment_list"
#

CREATE TABLE `tb_equipment_list` (
  `id` int(11) NOT NULL AUTO_INCREMENT,
  `dev_ID` varchar(255) DEFAULT NULL COMMENT '设备ID号',
  `dev_aid` varchar(255) DEFAULT NULL COMMENT '设备所在的位置',
  `dev_name` varchar(255) DEFAULT NULL COMMENT '设备名字',
  `dev_func` varchar(255) DEFAULT NULL COMMENT '设备功能',
  `dev_startRuntime` varchar(255) DEFAULT NULL COMMENT '设备开始运行的时间',
  `dev_restNum` varchar(255) DEFAULT NULL COMMENT '设备重启次数',
  `dev_status` varchar(255) DEFAULT NULL COMMENT '设备是否运行 1:运行 0:不运行',
  `dev_performance` varchar(255) DEFAULT NULL COMMENT '设备性能 1:良好 2:一般损坏 3:完全损坏',
  `uid` varchar(255) DEFAULT NULL COMMENT '设备管理员uid',
  `dev_longitude` varchar(255) DEFAULT NULL COMMENT '设备经度',
  `dev_latitude` varchar(255) DEFAULT NULL COMMENT '设备纬度',
  `dev_img` varchar(255) DEFAULT NULL COMMENT '设备图片',
  PRIMARY KEY (`id`)
) ENGINE=InnoDB AUTO_INCREMENT=4 DEFAULT CHARSET=utf8 COMMENT='设备目录';

#
# Data for table "tb_equipment_list"
#

INSERT INTO `tb_equipment_list` VALUES (2,'1232321441312','1号大棚','1号大棚','大棚检测','2019-03-10','1','1','1','1','28.0000123','120.0000123','https://lyb-iot-001-1256625471.cos.ap-guangzhou.myqcloud.com/fire_image/1.png'),(3,'1232321441313','2号大棚','2号大棚','大棚检测','2019-03-10','1','1','1','1','28.0000123','120.0000123','https://lyb-iot-001-1256625471.cos.ap-guangzhou.myqcloud.com/fire_image/1.png');

#
# Structure for table "tb_mailbox"
#

CREATE TABLE `tb_mailbox` (
  `id` int(11) NOT NULL AUTO_INCREMENT COMMENT '主键id',
  `mail_name` varchar(255) DEFAULT NULL COMMENT '信件主题',
  `mail_content` text COMMENT '信件内容',
  `mail_time` varchar(255) DEFAULT NULL COMMENT '信件时间',
  `mail_uid` varchar(255) DEFAULT NULL COMMENT '发送人id',
  `mail_uname` varchar(255) DEFAULT NULL COMMENT '发送人姓名',
  `isread` int(2) DEFAULT NULL COMMENT '是否已读 1：已读 0：未读',
  `enable` int(1) DEFAULT NULL COMMENT '是否有效 1:有效 0:无效',
  `mail_remark` text COMMENT '备注',
  `mail_position` varchar(20) DEFAULT NULL COMMENT '信件位置 1:信件箱 2:草稿 3:历史 4:垃圾桶',
  PRIMARY KEY (`id`)
) ENGINE=InnoDB AUTO_INCREMENT=7 DEFAULT CHARSET=utf8 COMMENT='信件';

#
# Data for table "tb_mailbox"
#

INSERT INTO `tb_mailbox` VALUES (1,'啊实打实的','大撒大撒大撒大撒大撒\t','2018-12-11','1','一班',0,1,'113232','1'),(2,'啊实打','大撒大撒大撒大撒大撒','2018-12-11','1','1',0,0,'1','2'),(5,'打实的','\n','2018-12-11','1','123',0,2,'1\n','4'),(6,'啊实打实的','\n','2018-12-11','1','12323',0,3,'1\n','3');

#
# Structure for table "test"
#

CREATE TABLE `test` (
  `aaa` int(11) NOT NULL AUTO_INCREMENT,
  `bbb` varchar(255) DEFAULT NULL,
  PRIMARY KEY (`aaa`) USING BTREE
) ENGINE=InnoDB AUTO_INCREMENT=53 DEFAULT CHARSET=utf8 ROW_FORMAT=DYNAMIC;

#
# Data for table "test"
#

INSERT INTO `test` VALUES (1,'gunsTest'),(2,'bizTest'),(3,'gunsTest'),(4,'bizTest'),(5,'gunsTest'),(6,'bizTest'),(7,'gunsTest'),(8,'bizTest'),(9,'gunsTest'),(10,'bizTest'),(11,'gunsTest'),(12,'bizTest'),(13,'gunsTest'),(14,'bizTest'),(15,'gunsTest'),(16,'bizTest'),(17,'gunsTest'),(18,'bizTest'),(19,'gunsTest'),(20,'bizTest'),(21,'gunsTest'),(22,'bizTest'),(23,'gunsTest'),(24,'bizTest'),(25,'gunsTest'),(26,'bizTest'),(27,'gunsTest'),(28,'bizTest'),(29,'gunsTest'),(30,'bizTest'),(31,'gunsTest'),(32,'bizTest'),(33,'gunsTest'),(34,'bizTest'),(35,'gunsTest'),(36,'bizTest'),(37,'gunsTest'),(38,'bizTest'),(39,'gunsTest'),(40,'bizTest'),(41,'gunsTest'),(42,'bizTest'),(43,'gunsTest'),(44,'bizTest'),(45,'gunsTest'),(46,'bizTest'),(47,'gunsTest'),(48,'bizTest'),(49,'gunsTest'),(50,'bizTest'),(51,'gunsTest'),(52,'bizTest');
